 time, var_acx, var_acy, var_acz, pitch, var_roll, vra_yaw 
 0.050000, 0.000000, 0.000000, 0.000000, 0.000000, 0.000000, 0.000000 
 0.100000, 0.000000, 0.000000, 0.000000, 0.000000, 0.000000, 0.000000 
 0.150000, 0.000000, 0.000000, 0.000000, 0.000000, 0.000000, 0.000000 
 0.200000, 0.000000, 0.000000, 0.000000, 0.000000, 0.000000, 0.000000 
 0.250000, 0.000000, 0.000000, 0.000000, 0.000000, 0.000000, 0.000000 
 0.300000, 0.000000, 0.000000, 0.000000, 0.000000, 0.000000, 0.000000 
 0.350000, 0.000000, 0.000000, 0.000000, 0.000000, 0.000000, 0.000000 
 0.400000, 0.000003, 0.000006, 0.000004, 0.000037, 0.000056, 0.000023 
 0.450000, 0.000003, 0.000007, 0.000004, 0.000036, 0.000056, 0.000025 
 0.500000, 0.000003, 0.000006, 0.000004, 0.000126, 0.000213, 0.000025 
 0.550000, 0.000003, 0.000009, 0.000004, 0.000164, 0.000344, 0.000028 
 0.600000, 0.000004, 0.000012, 0.000005, 0.000147, 0.000491, 0.000027 
 0.650000, 0.000007, 0.000014, 0.000005, 0.000136, 0.000478, 0.000029 
 0.700000, 0.000012, 0.000014, 0.000005, 0.000138, 0.000456, 0.000044 
 0.750000, 0.000012, 0.000014, 0.000005, 0.000233, 0.000511, 0.000084 
 0.800000, 0.000034, 0.000061, 0.000005, 0.000234, 0.000532, 0.000113 
 0.850000, 0.000047, 0.000837, 0.000005, 0.000239, 0.000530, 0.000690 
 0.900000, 0.000048, 0.002282, 0.000005, 0.000258, 0.000524, 0.003470 
 0.950000, 0.000054, 0.003048, 0.000005, 0.000259, 0.000514, 0.004360 
 1.000000, 0.000218, 0.003569, 0.000006, 0.000274, 0.000526, 0.004736 
 1.050000, 0.000286, 0.003642, 0.000006, 0.000281, 0.000526, 0.006955 
 1.100000, 0.000319, 0.003556, 0.000006, 0.000282, 0.000639, 0.012077 
 1.150000, 0.000328, 0.003384, 0.000006, 0.000452, 0.000608, 0.013630 
 1.200000, 0.000359, 0.003350, 0.000006, 0.000963, 0.000638, 0.014164 
 1.250000, 0.000647, 0.003715, 0.000006, 0.000932, 0.000584, 0.015501 
 1.300000, 0.000728, 0.004427, 0.000006, 0.000982, 0.000554, 0.015786 
 1.350000, 0.001232, 0.004592, 0.000006, 0.001167, 0.000925, 0.015788 
 1.400000, 0.001243, 0.004538, 0.000006, 0.001375, 0.000977, 0.026134 
 1.450000, 0.002342, 0.004426, 0.000006, 0.001777, 0.001055, 0.028355 
 1.500000, 0.002476, 0.005444, 0.000006, 0.001764, 0.001006, 0.034180 
 1.550000, 0.002459, 0.005534, 0.000006, 0.001830, 0.001067, 0.034202 
 1.600000, 0.002885, 0.005222, 0.000006, 0.001911, 0.001065, 0.033933 
 1.650000, 0.003159, 0.004351, 0.000006, 0.001818, 0.001111, 0.030816 
 1.700000, 0.003522, 0.004075, 0.000006, 0.002337, 0.001126, 0.029277 
 1.750000, 0.003426, 0.004005, 0.000006, 0.002264, 0.001102, 0.032238 
 1.800000, 0.003379, 0.003481, 0.000007, 0.002313, 0.001108, 0.034694 
 1.850000, 0.003482, 0.004567, 0.000011, 0.002280, 0.000930, 0.038715 
 1.900000, 0.003462, 0.004400, 0.000011, 0.002315, 0.000948, 0.038393 
 1.950000, 0.003451, 0.004803, 0.000011, 0.001918, 0.000758, 0.039113 
 2.000000, 0.003231, 0.005500, 0.000011, 0.001933, 0.000659, 0.038459 
 2.050000, 0.003148, 0.005726, 0.000010, 0.001810, 0.000657, 0.037738 
 2.100000, 0.002614, 0.003678, 0.000009, 0.001640, 0.000363, 0.038921 
 2.150000, 0.002614, 0.003318, 0.000010, 0.001419, 0.000342, 0.026385 
 2.200000, 0.001490, 0.003238, 0.000010, 0.001006, 0.000206, 0.021572 
 2.250000, 0.001397, 0.003234, 0.000010, 0.001755, 0.000471, 0.025116 
 2.300000, 0.001394, 0.003101, 0.000009, 0.001725, 0.000477, 0.024860 
 2.350000, 0.000944, 0.002830, 0.000011, 0.001554, 0.000483, 0.024060 
 2.400000, 0.000690, 0.002995, 0.000011, 0.001550, 0.000354, 0.024130 
 2.450000, 0.000249, 0.003252, 0.000012, 0.001194, 0.000362, 0.024284 
 2.500000, 0.000230, 0.003257, 0.000012, 0.001194, 0.000385, 0.020216 
 2.550000, 0.000182, 0.003429, 0.000010, 0.001180, 0.000403, 0.016285 
 2.600000, 0.000079, 0.002799, 0.000005, 0.001153, 0.000403, 0.006972 
 2.650000, 0.000080, 0.002668, 0.000007, 0.001100, 0.000375, 0.006984 
 2.700000, 0.000076, 0.002102, 0.000013, 0.001065, 0.000374, 0.004823 
 2.750000, 0.000019, 0.001028, 0.000013, 0.000921, 0.000368, 0.004618 
 2.800000, 0.000020, 0.000387, 0.000013, 0.000831, 0.000368, 0.004205 
 2.850000, 0.000018, 0.000273, 0.000013, 0.000831, 0.000363, 0.004036 
 2.900000, 0.000016, 0.000254, 0.000013, 0.000729, 0.000361, 0.003859 
 2.950000, 0.000013, 0.000218, 0.000014, 0.000687, 0.000361, 0.003862 
 3.000000, 0.000012, 0.000003, 0.000014, 0.000030, 0.000026, 0.000019 
 3.050000, 0.000005, 0.000002, 0.000014, 0.000029, 0.000028, 0.000024 
 3.100000, 0.000004, 0.000002, 0.000012, 0.000027, 0.000029, 0.000024 
 3.150000, 0.000004, 0.000001, 0.000012, 0.000025, 0.000034, 0.000024 
 3.200000, 0.000003, 0.000002, 0.000013, 0.000025, 0.000053, 0.000026 
 3.250000, 0.000003, 0.000003, 0.000012, 0.000030, 0.000048, 0.000028 
 3.300000, 0.000004, 0.000003, 0.000013, 0.000033, 0.000045, 0.000027 
 3.350000, 0.000004, 0.000003, 0.000013, 0.000033, 0.000049, 0.000027 
 3.400000, 0.000005, 0.000003, 0.000010, 0.000036, 0.000050, 0.000027 
 3.450000, 0.000005, 0.000004, 0.000006, 0.000031, 0.000054, 0.000027 
 3.500000, 0.000004, 0.000004, 0.000005, 0.000031, 0.000051, 0.000027 
 3.550000, 0.000003, 0.000005, 0.000005, 0.000045, 0.000079, 0.000031 
 3.600000, 0.000003, 0.000005, 0.000006, 0.000051, 0.000078, 0.000028 
 3.650000, 0.000004, 0.000005, 0.000007, 0.000050, 0.000079, 0.000027 
 3.700000, 0.000003, 0.000005, 0.000011, 0.000046, 0.000079, 0.000022 
 3.750000, 0.000002, 0.000005, 0.000011, 0.000043, 0.000073, 0.000022 
 3.800000, 0.000003, 0.000005, 0.000011, 0.000042, 0.000067, 0.000018 
 3.850000, 0.000004, 0.000005, 0.000012, 0.000039, 0.000067, 0.000017 
 3.900000, 0.000004, 0.000005, 0.000011, 0.000043, 0.000064, 0.000020 
 3.950000, 0.000004, 0.000004, 0.000010, 0.000045, 0.000045, 0.000019 
 4.000000, 0.000004, 0.000003, 0.000010, 0.000036, 0.000047, 0.000017 
 4.050000, 0.000004, 0.000003, 0.000010, 0.000037, 0.000050, 0.000017 
 4.100000, 0.000004, 0.000004, 0.000010, 0.000029, 0.000054, 0.000016 
 4.150000, 0.000005, 0.000004, 0.000010, 0.000028, 0.000053, 0.000018 
 4.200000, 0.000004, 0.000002, 0.000010, 0.000029, 0.000044, 0.000016 
 4.250000, 0.000005, 0.000003, 0.000009, 0.000029, 0.000046, 0.000017 
 4.300000, 0.000004, 0.000002, 0.000009, 0.000018, 0.000028, 0.000012 
 4.350000, 0.000006, 0.000003, 0.000009, 0.000019, 0.000033, 0.000012 
 4.400000, 0.000006, 0.000004, 0.000008, 0.000019, 0.000038, 0.000012 
 4.450000, 0.000006, 0.000004, 0.000004, 0.000021, 0.000039, 0.000012 
 4.500000, 0.000006, 0.000004, 0.000005, 0.000023, 0.000040, 0.000023 
 4.550000, 0.000006, 0.000004, 0.000005, 0.000023, 0.000039, 0.000023 
 4.600000, 0.000005, 0.000004, 0.000004, 0.000023, 0.000038, 0.000029 
 4.650000, 0.000005, 0.000004, 0.000004, 0.000018, 0.000039, 0.000028 
 4.700000, 0.000005, 0.000005, 0.000005, 0.000014, 0.000039, 0.000028 
 4.750000, 0.000005, 0.000005, 0.000006, 0.000014, 0.000037, 0.000029 
 4.800000, 0.000005, 0.000005, 0.000006, 0.000014, 0.000035, 0.000028 
 4.850000, 0.000005, 0.000005, 0.000006, 0.000016, 0.000041, 0.000027 
 4.900000, 0.000003, 0.000005, 0.000006, 0.000016, 0.000039, 0.000027 
 4.950000, 0.000004, 0.000005, 0.000006, 0.000016, 0.000053, 0.000027 
 5.000000, 0.000004, 0.000005, 0.000006, 0.000017, 0.000054, 0.000028 
 5.050000, 0.000004, 0.000005, 0.000006, 0.000020, 0.000050, 0.000029 
 5.100000, 0.000003, 0.000005, 0.000005, 0.000015, 0.000046, 0.000033 
 5.150000, 0.000003, 0.000005, 0.000005, 0.000016, 0.000045, 0.000037 
 5.200000, 0.000003, 0.000004, 0.000006, 0.000020, 0.000045, 0.000038 
 5.250000, 0.000003, 0.000005, 0.000005, 0.000018, 0.000053, 0.000031 
 5.300000, 0.000006, 0.000005, 0.000005, 0.000019, 0.000053, 0.000031 
 5.350000, 0.000006, 0.000005, 0.000005, 0.000022, 0.000058, 0.000025 
 5.400000, 0.000006, 0.000005, 0.000005, 0.000022, 0.000054, 0.000025 
 5.450000, 0.000007, 0.000004, 0.000006, 0.000215, 0.000060, 0.000055 
 5.500000, 0.000007, 0.000004, 0.000005, 0.000238, 0.000060, 0.000047 
 5.550000, 0.000033, 0.000440, 0.000005, 0.000244, 0.000114, 0.000140 
 5.600000, 0.000126, 0.002565, 0.000005, 0.000242, 0.000132, 0.000485 
 5.650000, 0.000328, 0.005086, 0.000005, 0.000248, 0.000187, 0.004650 
 5.700000, 0.000593, 0.005317, 0.000005, 0.000253, 0.000201, 0.004612 
 5.750000, 0.001097, 0.005215, 0.000005, 0.000422, 0.000308, 0.004946 
 5.800000, 0.002154, 0.005690, 0.000005, 0.000424, 0.000314, 0.007462 
 5.850000, 0.002216, 0.005484, 0.000006, 0.000746, 0.000314, 0.007691 
 5.900000, 0.002623, 0.005257, 0.000007, 0.000780, 0.000311, 0.011534 
 5.950000, 0.003666, 0.005087, 0.000011, 0.000774, 0.000393, 0.013075 
 6.000000, 0.003671, 0.004901, 0.000011, 0.000939, 0.000394, 0.016226 
 6.050000, 0.003665, 0.004871, 0.000012, 0.001125, 0.001508, 0.020596 
 6.100000, 0.004195, 0.005156, 0.000012, 0.001433, 0.001603, 0.024364 
 6.150000, 0.004209, 0.006160, 0.000011, 0.001496, 0.001609, 0.024974 
 6.200000, 0.004802, 0.005889, 0.000010, 0.001216, 0.001751, 0.025558 
 6.250000, 0.004813, 0.006460, 0.000011, 0.001483, 0.001749, 0.025391 
 6.300000, 0.004728, 0.006456, 0.000012, 0.001505, 0.002110, 0.029313 
 6.350000, 0.004741, 0.006103, 0.000012, 0.001554, 0.002094, 0.029376 
 6.400000, 0.004627, 0.004461, 0.000012, 0.001631, 0.002185, 0.028107 
 6.450000, 0.004388, 0.004575, 0.000011, 0.001662, 0.002182, 0.032620 
 6.500000, 0.003803, 0.004605, 0.000011, 0.001771, 0.002061, 0.031564 
 6.550000, 0.002912, 0.003763, 0.000012, 0.001771, 0.002656, 0.030211 
 6.600000, 0.003011, 0.005740, 0.000011, 0.001636, 0.002710, 0.037002 
 6.650000, 0.002492, 0.011085, 0.000010, 0.001623, 0.002696, 0.036455 
 6.700000, 0.001629, 0.011125, 0.000006, 0.001717, 0.002688, 0.043942 
 6.750000, 0.001626, 0.008902, 0.000007, 0.001720, 0.002689, 0.046068 
 6.800000, 0.001645, 0.009005, 0.000011, 0.001662, 0.002384, 0.042868 
 6.850000, 0.000858, 0.009174, 0.000011, 0.001156, 0.002277, 0.036561 
 6.900000, 0.000866, 0.009364, 0.000011, 0.001167, 0.002335, 0.033545 
 6.950000, 0.000479, 0.009003, 0.000012, 0.001156, 0.002174, 0.033657 
 7.000000, 0.000478, 0.009197, 0.000012, 0.001046, 0.002207, 0.032030 
 7.050000, 0.000480, 0.008165, 0.000011, 0.000898, 0.001670, 0.030877 
 7.100000, 0.000468, 0.008343, 0.000011, 0.000908, 0.001678, 0.029769 
 7.150000, 0.000420, 0.008515, 0.000012, 0.000919, 0.001451, 0.025096 
 7.200000, 0.000420, 0.008705, 0.000012, 0.000924, 0.001528, 0.014613 
 7.250000, 0.000369, 0.008779, 0.000011, 0.000709, 0.001598, 0.012139 
 7.300000, 0.000343, 0.008923, 0.000010, 0.000709, 0.001135, 0.012462 
 7.350000, 0.000139, 0.007897, 0.000011, 0.000533, 0.001062, 0.010389 
 7.400000, 0.000122, 0.002342, 0.000011, 0.000498, 0.001057, 0.008539 
 7.450000, 0.000073, 0.000161, 0.000011, 0.000422, 0.001065, 0.004660 
 7.500000, 0.000041, 0.000012, 0.000009, 0.000238, 0.001056, 0.001803 
 7.550000, 0.000010, 0.000005, 0.000006, 0.000019, 0.000166, 0.000030 
 7.600000, 0.000004, 0.000005, 0.000006, 0.000018, 0.000066, 0.000024 
 7.650000, 0.000003, 0.000005, 0.000006, 0.000018, 0.000077, 0.000021 
 7.700000, 0.000004, 0.000005, 0.000009, 0.000018, 0.000070, 0.000020 
 7.750000, 0.000004, 0.000005, 0.000012, 0.000021, 0.000070, 0.000020 
 7.800000, 0.000004, 0.000005, 0.000012, 0.000020, 0.000071, 0.000021 
 7.850000, 0.000005, 0.000004, 0.000012, 0.000019, 0.000056, 0.000021 
 7.900000, 0.000005, 0.000004, 0.000011, 0.000012, 0.000062, 0.000016 
 7.950000, 0.000004, 0.000004, 0.000011, 0.000014, 0.000061, 0.000015 
 8.000000, 0.000004, 0.000004, 0.000011, 0.000013, 0.000055, 0.000021 
 8.050000, 0.000004, 0.000004, 0.000011, 0.000012, 0.000047, 0.000019 
 8.100000, 0.000006, 0.000004, 0.000011, 0.000012, 0.000042, 0.000017 
 8.150001, 0.000005, 0.000004, 0.000012, 0.000012, 0.000037, 0.000014 
 8.200000, 0.000005, 0.000003, 0.000012, 0.000012, 0.000035, 0.000016 
 8.250000, 0.000005, 0.000002, 0.000013, 0.000012, 0.000032, 0.000019 
 8.300000, 0.000007, 0.000002, 0.000012, 0.000013, 0.000033, 0.000025 
 8.350000, 0.000007, 0.000002, 0.000013, 0.000012, 0.000029, 0.000027 
 8.400001, 0.000007, 0.000002, 0.000013, 0.000012, 0.000024, 0.000027 
 8.450000, 0.000007, 0.000003, 0.000011, 0.000010, 0.000023, 0.000029 
 8.500000, 0.000007, 0.000002, 0.000009, 0.000009, 0.000022, 0.000029 
 8.550000, 0.000006, 0.000003, 0.000009, 0.000009, 0.000021, 0.000029 
 8.600000, 0.000004, 0.000003, 0.000009, 0.000009, 0.000019, 0.000033 
 8.650001, 0.000005, 0.000002, 0.000010, 0.000008, 0.000016, 0.000035 
 8.700000, 0.000004, 0.000003, 0.000010, 0.000005, 0.000017, 0.000035 
 8.750000, 0.000004, 0.000003, 0.000010, 0.000013, 0.000027, 0.000026 
 8.800000, 0.000004, 0.000003, 0.000010, 0.000015, 0.000027, 0.000027 
 8.850000, 0.000004, 0.000003, 0.000010, 0.000019, 0.000032, 0.000027 
 8.900001, 0.000004, 0.000003, 0.000011, 0.000022, 0.000044, 0.000027 
 8.950000, 0.000004, 0.000003, 0.000011, 0.000021, 0.000049, 0.000026 
 9.000000, 0.000004, 0.000003, 0.000009, 0.000021, 0.000047, 0.000022 
 9.050000, 0.000003, 0.000003, 0.000009, 0.000021, 0.000045, 0.000022 
 9.100000, 0.000003, 0.000003, 0.000008, 0.000023, 0.000052, 0.000019 
 9.150001, 0.000004, 0.000003, 0.000008, 0.000025, 0.000050, 0.000022 
 9.200000, 0.000004, 0.000003, 0.000008, 0.000025, 0.000051, 0.000021 
 9.250000, 0.000004, 0.000003, 0.000007, 0.000024, 0.000051, 0.000021 
 9.300000, 0.000004, 0.000003, 0.000007, 0.000024, 0.000055, 0.000021 
 9.350000, 0.000004, 0.000003, 0.000006, 0.000025, 0.000058, 0.000015 
 9.400001, 0.000004, 0.000003, 0.000005, 0.000028, 0.000059, 0.000018 
 9.450000, 0.000004, 0.000003, 0.000005, 0.000028, 0.000058, 0.000018 
 9.500000, 0.000004, 0.000003, 0.000006, 0.000018, 0.000047, 0.000020 
 9.550000, 0.000004, 0.000002, 0.000007, 0.000018, 0.000053, 0.000020 
 9.600000, 0.000004, 0.000002, 0.000007, 0.000014, 0.000050, 0.000022 
 9.650001, 0.000003, 0.000002, 0.000007, 0.000012, 0.000042, 0.000022 
 9.700000, 0.000004, 0.000002, 0.000007, 0.000018, 0.000039, 0.000022 
 9.750000, 0.000004, 0.000007, 0.000008, 0.000034, 0.000041, 0.000022 
 9.800000, 0.000003, 0.000011, 0.000013, 0.000068, 0.000041, 0.000111 
 9.850000, 0.000006, 0.000012, 0.000015, 0.000066, 0.000040, 0.000112 
 9.900001, 0.000006, 0.000014, 0.000016, 0.000071, 0.000051, 0.000110 
 9.950000, 0.000007, 0.000014, 0.000019, 0.000072, 0.000049, 0.000111 
 10.000000, 0.000007, 0.000014, 0.000019, 0.000078, 0.000049, 0.000111 
 10.050000, 0.000008, 0.000015, 0.000019, 0.000078, 0.000046, 0.000111 
 10.100000, 0.000007, 0.000017, 0.000020, 0.000079, 0.000040, 0.000112 
 10.150000, 0.000007, 0.000016, 0.000021, 0.000076, 0.000043, 0.000105 
 10.200000, 0.000008, 0.000015, 0.000020, 0.000076, 0.000044, 0.000105 
 10.250000, 0.000006, 0.000016, 0.000019, 0.000077, 0.000055, 0.000100 
 10.300000, 0.000015, 0.000015, 0.000019, 0.000076, 0.000060, 0.000107 
 10.350000, 0.000288, 0.000035, 0.000018, 0.000132, 0.000067, 0.000255 
 10.400000, 0.000655, 0.000038, 0.000018, 0.000131, 0.000066, 0.000336 
 10.450000, 0.001487, 0.000053, 0.000018, 0.000126, 0.000062, 0.001746 
 10.500000, 0.001786, 0.000061, 0.000016, 0.000113, 0.000064, 0.001746 
 10.550000, 0.001904, 0.000088, 0.000052, 0.000173, 0.000075, 0.001912 
 10.600000, 0.002265, 0.000089, 0.000087, 0.000172, 0.000164, 0.002706 
 10.650000, 0.002152, 0.000106, 0.000221, 0.000207, 0.000218, 0.003796 
 10.700000, 0.002047, 0.000129, 0.000229, 0.000206, 0.000256, 0.004056 
 10.750000, 0.001932, 0.000128, 0.000227, 0.000382, 0.000938, 0.004228 
 10.800000, 0.001819, 0.000173, 0.000228, 0.000377, 0.001100, 0.004830 
 10.850000, 0.002033, 0.000219, 0.000226, 0.000427, 0.001569, 0.006809 
 10.900000, 0.001893, 0.000218, 0.000226, 0.000480, 0.001583, 0.007032 
 10.950000, 0.001863, 0.000216, 0.000223, 0.000479, 0.004829, 0.011718 
 11.000000, 0.002055, 0.000213, 0.000222, 0.000694, 0.005050, 0.012249 
 11.050000, 0.002558, 0.000210, 0.000225, 0.000750, 0.006481, 0.013995 
 11.100000, 0.002935, 0.000367, 0.000225, 0.000836, 0.006855, 0.016206 
 11.150000, 0.002908, 0.000360, 0.000220, 0.000856, 0.006921, 0.016580 
 11.200000, 0.003153, 0.000429, 0.000220, 0.000862, 0.008348, 0.015130 
 11.250000, 0.003743, 0.000410, 0.000217, 0.000863, 0.008329, 0.015116 
 11.300000, 0.003928, 0.000403, 0.000151, 0.000786, 0.008368, 0.042060 
 11.350000, 0.003117, 0.000488, 0.000135, 0.000785, 0.008239, 0.042077 
 11.400000, 0.003838, 0.000468, 0.000015, 0.000718, 0.008051, 0.041784 
 11.450000, 0.004352, 0.000498, 0.000006, 0.000727, 0.008229, 0.042609 
 11.500000, 0.004800, 0.000498, 0.000007, 0.000596, 0.007729, 0.042431 
 11.550000, 0.004142, 0.000466, 0.000011, 0.001067, 0.007596, 0.040675 
 11.600000, 0.004184, 0.000428, 0.000011, 0.001111, 0.007685, 0.040352 
 11.650000, 0.003903, 0.000422, 0.000011, 0.001077, 0.007649, 0.039404 
 11.700000, 0.003861, 0.000418, 0.000011, 0.001077, 0.004422, 0.036736 
 11.750000, 0.003964, 0.000418, 0.000011, 0.000828, 0.004242, 0.036589 
 11.800000, 0.004075, 0.000412, 0.000010, 0.000796, 0.002776, 0.035255 
 11.850000, 0.004177, 0.000271, 0.000010, 0.000675, 0.002296, 0.032443 
 11.900000, 0.004214, 0.000269, 0.000010, 0.000652, 0.002304, 0.031006 
 11.950000, 0.004031, 0.000192, 0.000010, 0.000646, 0.000963, 0.027508 
 12.000000, 0.003577, 0.000192, 0.000009, 0.000648, 0.000962, 0.027529 
 12.050000, 0.002570, 0.000179, 0.000015, 0.000632, 0.000897, 0.004381 
 12.100000, 0.002625, 0.000080, 0.000014, 0.000629, 0.000898, 0.002768 
 12.150000, 0.001912, 0.000082, 0.000014, 0.000603, 0.000895, 0.002685 
 12.200000, 0.001087, 0.000038, 0.000014, 0.000573, 0.000803, 0.001728 
 12.250000, 0.000016, 0.000038, 0.000012, 0.000572, 0.000782, 0.000765 
 12.300000, 0.000016, 0.000025, 0.000008, 0.000114, 0.000753, 0.000033 
 12.350000, 0.000007, 0.000003, 0.000008, 0.000044, 0.000053, 0.000018 
 12.400000, 0.000005, 0.000003, 0.000009, 0.000033, 0.000058, 0.000018 
 12.450000, 0.000005, 0.000003, 0.000008, 0.000033, 0.000049, 0.000012 
 12.500000, 0.000005, 0.000003, 0.000009, 0.000031, 0.000043, 0.000011 
 12.550000, 0.000005, 0.000003, 0.000009, 0.000033, 0.000052, 0.000010 
 12.600000, 0.000006, 0.000003, 0.000009, 0.000037, 0.000043, 0.000010 
 12.650000, 0.000006, 0.000003, 0.000009, 0.000036, 0.000043, 0.000011 
 12.700000, 0.000006, 0.000003, 0.000009, 0.000032, 0.000043, 0.000010 
 12.750000, 0.000005, 0.000004, 0.000009, 0.000030, 0.000046, 0.000008 
 12.800000, 0.000004, 0.000005, 0.000003, 0.000028, 0.000042, 0.000011 
 12.850000, 0.000004, 0.000005, 0.000003, 0.000028, 0.000037, 0.000009 
 12.900000, 0.000004, 0.000005, 0.000007, 0.000027, 0.000033, 0.000011 
 12.950000, 0.000004, 0.000005, 0.000007, 0.000025, 0.000034, 0.000012 
 13.000000, 0.000004, 0.000004, 0.000007, 0.000024, 0.000031, 0.000012 
 13.050000, 0.000004, 0.000004, 0.000007, 0.000016, 0.000031, 0.000013 
 13.100000, 0.000004, 0.000005, 0.000006, 0.000013, 0.000030, 0.000016 
 13.150000, 0.000003, 0.000006, 0.000006, 0.000014, 0.000026, 0.000018 
 13.200000, 0.000004, 0.000005, 0.000006, 0.000015, 0.000021, 0.000018 
 13.250000, 0.000004, 0.000005, 0.000004, 0.000017, 0.000026, 0.000021 
 13.300000, 0.000004, 0.000005, 0.000004, 0.000014, 0.000022, 0.000021 
 13.350000, 0.000004, 0.000006, 0.000004, 0.000013, 0.000022, 0.000023 
 13.400000, 0.000004, 0.000006, 0.000004, 0.000020, 0.000022, 0.000027 
 13.450000, 0.000003, 0.000006, 0.000005, 0.000020, 0.000023, 0.000029 
 13.500000, 0.000004, 0.000006, 0.000005, 0.000019, 0.000021, 0.000029 
 13.550000, 0.000003, 0.000004, 0.000005, 0.000019, 0.000022, 0.000026 
 13.600000, 0.000004, 0.000004, 0.000005, 0.000023, 0.000034, 0.000028 
 13.650000, 0.000004, 0.000004, 0.000003, 0.000024, 0.000038, 0.000025 
 13.700000, 0.000004, 0.000004, 0.000003, 0.000025, 0.000040, 0.000021 
 13.750000, 0.000004, 0.000004, 0.000004, 0.000025, 0.000041, 0.000023 
 13.800000, 0.000004, 0.000003, 0.000004, 0.000028, 0.000045, 0.000024 
 13.850000, 0.000004, 0.000003, 0.000004, 0.000028, 0.000044, 0.000024 
 13.900000, 0.000004, 0.000002, 0.000006, 0.000025, 0.000048, 0.000024 
 13.950000, 0.000003, 0.000002, 0.000008, 0.000027, 0.000048, 0.000024 
 14.000000, 0.000004, 0.000002, 0.000008, 0.000027, 0.000043, 0.000024 
 14.050000, 0.000003, 0.000002, 0.000007, 0.000030, 0.000043, 0.000024 
 14.100000, 0.000002, 0.000003, 0.000008, 0.000030, 0.000043, 0.000025 
 14.150000, 0.000003, 0.000003, 0.000008, 0.000029, 0.000065, 0.000022 
 14.200000, 0.000004, 0.000002, 0.000008, 0.000029, 0.000065, 0.000024 
 14.250000, 0.000004, 0.000002, 0.000007, 0.000052, 0.000099, 0.000023 
 14.300000, 0.000011, 0.000010, 0.000011, 0.000101, 0.000142, 0.000027 
 14.350000, 0.000219, 0.000010, 0.000011, 0.000240, 0.000244, 0.000054 
 14.400000, 0.000250, 0.000014, 0.000011, 0.000239, 0.000252, 0.000126 
 14.450000, 0.001177, 0.000015, 0.000011, 0.000246, 0.000281, 0.002541 
 14.500000, 0.001699, 0.000038, 0.000040, 0.000275, 0.000286, 0.003748 
 14.550000, 0.002779, 0.000038, 0.000042, 0.000319, 0.000335, 0.003815 
 14.600000, 0.002819, 0.000046, 0.000041, 0.000318, 0.000625, 0.003784 
 14.650000, 0.002732, 0.000162, 0.000044, 0.000375, 0.000602, 0.003927 
 14.700000, 0.002644, 0.000368, 0.000044, 0.000493, 0.000685, 0.007743 
 14.750000, 0.002546, 0.000548, 0.000044, 0.000660, 0.001180, 0.008539 
 14.800000, 0.002459, 0.000553, 0.000043, 0.000661, 0.001936, 0.009531 
 14.850000, 0.002486, 0.000581, 0.000043, 0.000693, 0.002268, 0.011158 
 14.900000, 0.002419, 0.000580, 0.000044, 0.000722, 0.002429, 0.011338 
 14.950000, 0.002711, 0.000576, 0.000044, 0.000776, 0.004085, 0.012714 
 15.000000, 0.002608, 0.000579, 0.000043, 0.000825, 0.004593, 0.012928 
 15.050000, 0.002833, 0.000585, 0.000042, 0.000759, 0.005508, 0.013165 
 15.100000, 0.002827, 0.000595, 0.000041, 0.000653, 0.007495, 0.013728 
 15.150000, 0.003015, 0.000685, 0.000039, 0.000628, 0.009071, 0.013734 
 15.200000, 0.002506, 0.000695, 0.000039, 0.000656, 0.009043, 0.010239 
 15.250000, 0.002134, 0.000657, 0.000012, 0.000674, 0.009175, 0.007173 
 15.300000, 0.001109, 0.000756, 0.000006, 0.000699, 0.009208, 0.006260 
 15.350000, 0.000919, 0.000727, 0.000006, 0.000702, 0.009576, 0.005882 
 15.400000, 0.000948, 0.000507, 0.000005, 0.000700, 0.010105, 0.006384 
 15.450000, 0.000957, 0.000478, 0.000005, 0.000644, 0.011840, 0.007230 
 15.500000, 0.001557, 0.000346, 0.000007, 0.000513, 0.012001, 0.007063 
 15.550000, 0.001637, 0.000355, 0.000007, 0.000516, 0.011096, 0.006624 
 15.600000, 0.001725, 0.000334, 0.000007, 0.000494, 0.010286, 0.005399 
 15.650000, 0.001727, 0.000334, 0.000005, 0.000533, 0.009771, 0.005351 
 15.700000, 0.001692, 0.000338, 0.000006, 0.000439, 0.008878, 0.003827 
 15.750000, 0.001233, 0.000330, 0.000006, 0.000405, 0.007832, 0.003704 
 15.800000, 0.001573, 0.000394, 0.000006, 0.000401, 0.007570, 0.003180 
 15.850000, 0.001535, 0.000484, 0.000005, 0.000294, 0.005892, 0.004155 
 15.900000, 0.001616, 0.000408, 0.000006, 0.000325, 0.003949, 0.004154 
 15.950000, 0.001555, 0.000398, 0.000007, 0.000318, 0.003955, 0.003462 
 16.000000, 0.001370, 0.000401, 0.000011, 0.000307, 0.003543, 0.003268 
 16.050000, 0.003687, 0.000967, 0.000011, 0.000293, 0.004118, 0.003885 
 16.100000, 0.003719, 0.000968, 0.000011, 0.000262, 0.003004, 0.003870 
 16.150000, 0.003721, 0.000964, 0.000011, 0.000219, 0.002888, 0.003828 
 16.200000, 0.003663, 0.000917, 0.000014, 0.000229, 0.001644, 0.002509 
 16.250000, 0.003240, 0.000923, 0.000014, 0.000217, 0.001252, 0.002513 
 16.300000, 0.003165, 0.000916, 0.000017, 0.000188, 0.001109, 0.002511 
 16.350000, 0.003068, 0.000908, 0.000018, 0.000181, 0.001061, 0.002463 
 16.400000, 0.002992, 0.000910, 0.000020, 0.000127, 0.001016, 0.002433 
 16.450000, 0.002992, 0.000909, 0.000018, 0.000129, 0.001011, 0.002278 
 16.500000, 0.002925, 0.000912, 0.000017, 0.000132, 0.000998, 0.002279 
 16.550000, 0.002320, 0.000844, 0.000017, 0.000127, 0.000891, 0.002188 
 16.600000, 0.001523, 0.000740, 0.000016, 0.000113, 0.000887, 0.000597 
 16.650000, 0.001530, 0.000738, 0.000016, 0.000070, 0.000912, 0.000538 
 16.700000, 0.001535, 0.000744, 0.000013, 0.000072, 0.000903, 0.000535 
 16.750000, 0.001534, 0.000747, 0.000013, 0.000053, 0.000886, 0.000533 
 16.800000, 0.000002, 0.000003, 0.000014, 0.000053, 0.000098, 0.000030 
 16.850000, 0.000002, 0.000003, 0.000016, 0.000031, 0.000056, 0.000034 
 16.900000, 0.000001, 0.000003, 0.000016, 0.000031, 0.000058, 0.000035 
 16.950000, 0.000001, 0.000003, 0.000014, 0.000025, 0.000058, 0.000035 
 17.000000, 0.000001, 0.000003, 0.000014, 0.000027, 0.000055, 0.000035 
 17.050000, 0.000002, 0.000003, 0.000011, 0.000028, 0.000055, 0.000034 
 17.100000, 0.000002, 0.000002, 0.000010, 0.000028, 0.000054, 0.000032 
 17.150000, 0.000002, 0.000002, 0.000008, 0.000030, 0.000047, 0.000030 
 17.200000, 0.000002, 0.000002, 0.000008, 0.000029, 0.000043, 0.000036 
 17.250000, 0.000002, 0.000002, 0.000009, 0.000029, 0.000043, 0.000034 
 17.300000, 0.000002, 0.000002, 0.000008, 0.000031, 0.000043, 0.000036 
 17.350000, 0.000002, 0.000002, 0.000008, 0.000027, 0.000042, 0.000025 
 17.400000, 0.000003, 0.000002, 0.000009, 0.000022, 0.000031, 0.000028 
 17.450000, 0.000003, 0.000002, 0.000009, 0.000017, 0.000030, 0.000032 
 17.500000, 0.000004, 0.000001, 0.000010, 0.000019, 0.000027, 0.000031 
 17.550000, 0.000005, 0.000002, 0.000010, 0.000021, 0.000025, 0.000032 
 17.600000, 0.000005, 0.000002, 0.000010, 0.000026, 0.000018, 0.000027 
 17.650000, 0.000005, 0.000002, 0.000010, 0.000026, 0.000014, 0.000026 
 17.700000, 0.000005, 0.000002, 0.000009, 0.000029, 0.000018, 0.000029 
 17.750000, 0.000004, 0.000002, 0.000009, 0.000025, 0.000016, 0.000034 
 17.800000, 0.000004, 0.000002, 0.000009, 0.000025, 0.000016, 0.000034 
 17.850000, 0.000004, 0.000002, 0.000009, 0.000025, 0.000026, 0.000034 
 17.900000, 0.000004, 0.000002, 0.000009, 0.000024, 0.000029, 0.000030 
 17.950000, 0.000003, 0.000002, 0.000011, 0.000021, 0.000025, 0.000021 
 18.000000, 0.000003, 0.000002, 0.000011, 0.000021, 0.000024, 0.000024 
 18.050000, 0.000003, 0.000002, 0.000011, 0.000018, 0.000024, 0.000023 
 18.100000, 0.000005, 0.000002, 0.000014, 0.000019, 0.000025, 0.000023 
 18.150000, 0.000004, 0.000002, 0.000013, 0.000021, 0.000030, 0.000022 
 18.200000, 0.000004, 0.000002, 0.000013, 0.000023, 0.000032, 0.000030 
 18.250000, 0.000004, 0.000002, 0.000010, 0.000024, 0.000032, 0.000031 
 18.300000, 0.000004, 0.000001, 0.000010, 0.000024, 0.000037, 0.000028 
 18.350000, 0.000004, 0.000001, 0.000007, 0.000017, 0.000037, 0.000028 
 18.400000, 0.000004, 0.000002, 0.000007, 0.000021, 0.000033, 0.000028 
 18.450000, 0.000003, 0.000002, 0.000007, 0.000015, 0.000031, 0.000021 
 18.500000, 0.000003, 0.000002, 0.000007, 0.000020, 0.000031, 0.000025 
 18.550000, 0.000004, 0.000004, 0.000007, 0.000022, 0.000031, 0.000025 
 18.600000, 0.000004, 0.000004, 0.000010, 0.000022, 0.000025, 0.000026 
 18.650000, 0.000004, 0.000004, 0.000010, 0.000023, 0.000023, 0.000026 
 18.700000, 0.000004, 0.000004, 0.000019, 0.000023, 0.000036, 0.000026 
 18.750000, 0.000005, 0.000004, 0.000019, 0.000034, 0.000036, 0.000029 
 18.800000, 0.000007, 0.000007, 0.000019, 0.000054, 0.000097, 0.000030 
 18.850000, 0.000007, 0.000026, 0.000022, 0.000248, 0.000222, 0.000038 
 18.900000, 0.000011, 0.000170, 0.000046, 0.000305, 0.000293, 0.000037 
 18.950000, 0.000039, 0.000191, 0.000051, 0.000304, 0.000299, 0.000309 
 19.000000, 0.000071, 0.000494, 0.000505, 0.000622, 0.000583, 0.001008 
 19.050000, 0.000091, 0.000509, 0.001767, 0.000639, 0.002204, 0.001279 
 19.100000, 0.001065, 0.000550, 0.008159, 0.002500, 0.002248, 0.004746 
 19.150000, 0.001064, 0.000610, 0.009993, 0.003122, 0.003917, 0.005172 
 19.200000, 0.001087, 0.001004, 0.012199, 0.004192, 0.003889, 0.005421 
 19.250000, 0.001119, 0.001054, 0.013095, 0.004249, 0.004380, 0.010147 
 19.300000, 0.001115, 0.001205, 0.013120, 0.010679, 0.005829, 0.017566 
 19.350000, 0.001407, 0.001215, 0.012501, 0.017583, 0.008166, 0.022106 
 19.400000, 0.001409, 0.001231, 0.011701, 0.019732, 0.015931, 0.023419 
 19.450000, 0.001986, 0.001363, 0.011148, 0.023634, 0.020886, 0.037029 
 19.500000, 0.003010, 0.001678, 0.011285, 0.025562, 0.036516, 0.053568 
 19.550000, 0.004460, 0.001814, 0.014181, 0.029562, 0.050280, 0.066378 
 19.600000, 0.005327, 0.001818, 0.019127, 0.032226, 0.050733, 0.067819 
 19.650000, 0.005212, 0.001663, 0.029129, 0.042598, 0.048014, 0.067898 
 19.700000, 0.005478, 0.002556, 0.036989, 0.042251, 0.048177, 0.068994 
 19.750000, 0.005031, 0.002832, 0.045139, 0.038656, 0.059690, 0.071765 
 19.800000, 0.004673, 0.003594, 0.046505, 0.040418, 0.075412, 0.071850 
 19.850000, 0.004611, 0.004119, 0.040849, 0.030615, 0.107006, 0.073931 
 19.900000, 0.004262, 0.004579, 0.036554, 0.030823, 0.107885, 0.073668 
 19.950000, 0.004034, 0.005232, 0.029767, 0.020727, 0.118591, 0.074536 
 20.000000, 0.003853, 0.005773, 0.023279, 0.022058, 0.119354, 0.068953 
 20.050000, 0.003337, 0.006261, 0.017624, 0.024405, 0.120536, 0.056917 
 20.100000, 0.001699, 0.006435, 0.014708, 0.026434, 0.121669, 0.046350 
 20.150000, 0.000954, 0.006190, 0.011014, 0.029260, 0.115256, 0.046839 
 20.200000, 0.000928, 0.005475, 0.010306, 0.033359, 0.109079, 0.039610 
 20.250000, 0.000921, 0.003582, 0.009877, 0.034654, 0.086354, 0.027338 
 20.300000, 0.000719, 0.001872, 0.011057, 0.034422, 0.056937, 0.014000 
 20.350000, 0.000625, 0.001097, 0.011850, 0.032585, 0.040482, 0.010175 
 20.400000, 0.000509, 0.000328, 0.009941, 0.020052, 0.025086, 0.010152 
 20.450000, 0.000441, 0.000315, 0.007823, 0.016199, 0.025142, 0.010045 
 20.500000, 0.000398, 0.000145, 0.004270, 0.012065, 0.024190, 0.008610 
 20.550000, 0.000393, 0.000132, 0.003317, 0.011540, 0.021559, 0.008180 
 20.600000, 0.000386, 0.000066, 0.001504, 0.006839, 0.006397, 0.004600 
 20.650000, 0.000318, 0.000065, 0.001160, 0.006736, 0.006166, 0.003969 
 20.700000, 0.000134, 0.000081, 0.000653, 0.001319, 0.002092, 0.003036 
 20.750000, 0.000130, 0.000080, 0.000211, 0.001267, 0.001567, 0.001520 
 20.800000, 0.000164, 0.000073, 0.000148, 0.001154, 0.001987, 0.001112 
 20.850000, 0.000070, 0.000079, 0.000164, 0.001160, 0.001610, 0.000903 
 20.900000, 0.000066, 0.000074, 0.000127, 0.001488, 0.001591, 0.000858 
 20.950000, 0.000074, 0.000066, 0.000127, 0.001283, 0.001440, 0.000694 
 21.000000, 0.000069, 0.000042, 0.000117, 0.001284, 0.001501, 0.000671 
 21.050000, 0.000075, 0.000043, 0.000105, 0.001283, 0.001508, 0.000477 
 21.100000, 0.000093, 0.000043, 0.000089, 0.001339, 0.001430, 0.000519 
 21.150000, 0.000092, 0.000052, 0.000108, 0.001339, 0.001679, 0.000723 
 21.200000, 0.000094, 0.000053, 0.000119, 0.001369, 0.001643, 0.000611 
 21.250000, 0.000098, 0.000062, 0.000116, 0.001426, 0.001459, 0.000782 
 21.300000, 0.000098, 0.000060, 0.000106, 0.000940, 0.001366, 0.000846 
 21.350000, 0.000094, 0.000073, 0.000103, 0.001087, 0.001385, 0.000875 
 21.400000, 0.000117, 0.000079, 0.000106, 0.001021, 0.001362, 0.000884 
 21.450000, 0.000113, 0.000069, 0.000100, 0.001070, 0.001257, 0.001110 
 21.500000, 0.000113, 0.000065, 0.000092, 0.001144, 0.001325, 0.001110 
 21.550000, 0.000067, 0.000065, 0.000093, 0.001191, 0.001015, 0.001261 
 21.600000, 0.000068, 0.000053, 0.000078, 0.001195, 0.000954, 0.001209 
 21.650000, 0.000060, 0.000053, 0.000109, 0.000834, 0.001064, 0.001155 
 21.700000, 0.000059, 0.000052, 0.000125, 0.000777, 0.000633, 0.001005 
 21.750000, 0.000079, 0.000053, 0.000119, 0.000988, 0.000687, 0.000929 
 21.800000, 0.000138, 0.000052, 0.000119, 0.000988, 0.000738, 0.000759 
 21.850000, 0.000168, 0.000053, 0.000122, 0.001007, 0.000762, 0.000763 
 21.900000, 0.000184, 0.000045, 0.000098, 0.000939, 0.000550, 0.000754 
 21.950000, 0.000183, 0.000046, 0.000089, 0.000787, 0.000621, 0.000703 
 22.000000, 0.000187, 0.000035, 0.000096, 0.000781, 0.000594, 0.000720 
 22.050000, 0.000180, 0.000034, 0.000088, 0.000774, 0.000598, 0.000751 
 22.100000, 0.000205, 0.000016, 0.000120, 0.000886, 0.000546, 0.001154 
 22.150000, 0.000258, 0.000013, 0.000115, 0.001230, 0.000547, 0.001143 
 22.200000, 0.000271, 0.000012, 0.000130, 0.001285, 0.000653, 0.001003 
 22.250000, 0.000270, 0.000013, 0.000158, 0.001254, 0.000845, 0.001023 
 22.300000, 0.000254, 0.000015, 0.000166, 0.001361, 0.000868, 0.000917 
 22.350000, 0.000225, 0.000030, 0.000186, 0.001371, 0.000854, 0.000925 
 22.400000, 0.000166, 0.000030, 0.000167, 0.001472, 0.000816, 0.000912 
 22.450000, 0.000164, 0.000029, 0.000163, 0.001450, 0.000881, 0.000926 
 22.500000, 0.000198, 0.000034, 0.000230, 0.001244, 0.000775, 0.000860 
 22.550000, 0.000218, 0.000091, 0.000994, 0.001517, 0.000651, 0.000857 
 22.600000, 0.000241, 0.000218, 0.002325, 0.002068, 0.001214, 0.000922 
 22.650000, 0.000274, 0.000366, 0.003694, 0.007768, 0.001507, 0.000909 
 22.700000, 0.000243, 0.000483, 0.004537, 0.020710, 0.001515, 0.000748 
 22.750000, 0.000164, 0.000469, 0.004444, 0.037878, 0.001434, 0.000815 
 22.800000, 0.000166, 0.000953, 0.004408, 0.040461, 0.004691, 0.001928 
 22.850000, 0.000170, 0.000986, 0.004308, 0.048037, 0.004703, 0.001942 
 22.900000, 0.000178, 0.002192, 0.004193, 0.045167, 0.005877, 0.002866 
 22.950000, 0.000193, 0.002564, 0.004340, 0.044146, 0.005844, 0.002938 
 23.000000, 0.000380, 0.003190, 0.004666, 0.043692, 0.007451, 0.002935 
 23.050000, 0.000379, 0.003113, 0.005077, 0.043389, 0.007373, 0.003234 
 23.100000, 0.000354, 0.003619, 0.004944, 0.045023, 0.008337, 0.004989 
 23.150000, 0.000393, 0.003522, 0.004757, 0.044421, 0.008811, 0.011982 
 23.200000, 0.000401, 0.003071, 0.004868, 0.045457, 0.011680, 0.017257 
 23.250000, 0.000651, 0.002579, 0.005025, 0.046139, 0.014262, 0.022007 
 23.300000, 0.000653, 0.002357, 0.005543, 0.045827, 0.024870, 0.023463 
 23.350000, 0.000838, 0.002137, 0.005273, 0.046938, 0.025092, 0.022838 
 23.400000, 0.000838, 0.001908, 0.005221, 0.046435, 0.022485, 0.023504 
 23.450000, 0.001369, 0.001653, 0.003734, 0.042495, 0.020892, 0.024666 
 23.500000, 0.001405, 0.001327, 0.003639, 0.031566, 0.019407, 0.033442 
 23.550000, 0.001743, 0.001581, 0.002774, 0.029624, 0.019932, 0.035837 
 23.600000, 0.001834, 0.001112, 0.003013, 0.023360, 0.017752, 0.039335 
 23.650000, 0.003802, 0.001117, 0.001894, 0.022927, 0.017908, 0.039924 
 23.700000, 0.003807, 0.001120, 0.001831, 0.020327, 0.015924, 0.043425 
 23.750000, 0.003533, 0.001116, 0.001852, 0.015783, 0.015978, 0.042943 
 23.800000, 0.003311, 0.000931, 0.002140, 0.010028, 0.014592, 0.045864 
 23.850000, 0.002976, 0.000847, 0.001961, 0.011446, 0.007912, 0.045892 
 23.900000, 0.003056, 0.000858, 0.001178, 0.013680, 0.007188, 0.040925 
 23.950000, 0.002501, 0.000858, 0.000958, 0.013707, 0.007866, 0.034984 
 24.000000, 0.002487, 0.000807, 0.000621, 0.013634, 0.010562, 0.026289 
 24.050000, 0.002013, 0.000867, 0.000830, 0.013494, 0.011364, 0.020488 
 24.100000, 0.002504, 0.000911, 0.001078, 0.013515, 0.010720, 0.016146 
 24.150000, 0.002014, 0.000928, 0.000918, 0.011888, 0.010717, 0.016583 
 24.200000, 0.002266, 0.000850, 0.000977, 0.011838, 0.010860, 0.017130 
 24.250000, 0.002104, 0.000769, 0.001051, 0.011802, 0.010392, 0.012049 
 24.300000, 0.002183, 0.000673, 0.001078, 0.011138, 0.011612, 0.011567 
 24.350000, 0.002032, 0.000632, 0.001016, 0.006423, 0.012541, 0.009087 
 24.400000, 0.001807, 0.000647, 0.001023, 0.006225, 0.013954, 0.007039 
 24.450000, 0.001497, 0.000649, 0.001039, 0.003354, 0.014324, 0.005378 
 24.500000, 0.001519, 0.000668, 0.000970, 0.003094, 0.014993, 0.005065 
 24.550000, 0.001373, 0.000549, 0.000551, 0.002583, 0.015764, 0.003695 
 24.600000, 0.000920, 0.000549, 0.000481, 0.002174, 0.015949, 0.003384 
 24.650000, 0.000881, 0.000552, 0.000368, 0.001115, 0.016177, 0.001309 
 24.700000, 0.000648, 0.000546, 0.000362, 0.001037, 0.016549, 0.000892 
 24.750000, 0.000404, 0.000440, 0.000049, 0.000856, 0.016118, 0.000856 
 24.800000, 0.000353, 0.000358, 0.000046, 0.000683, 0.005580, 0.000556 
 24.850000, 0.000300, 0.000253, 0.000029, 0.000642, 0.004852, 0.000399 
 24.900000, 0.000043, 0.000067, 0.000011, 0.000211, 0.003399, 0.000309 
 24.950000, 0.000041, 0.000066, 0.000012, 0.000156, 0.000755, 0.000116 
 25.000000, 0.000018, 0.000031, 0.000012, 0.000140, 0.000127, 0.000103 
 25.050000, 0.000018, 0.000028, 0.000011, 0.000144, 0.000111, 0.000103 
 25.100000, 0.000019, 0.000025, 0.000009, 0.000104, 0.000087, 0.000105 
 25.150000, 0.000016, 0.000023, 0.000011, 0.000093, 0.000087, 0.000009 
 25.200000, 0.000010, 0.000024, 0.000011, 0.000093, 0.000072, 0.000008 
 25.250000, 0.000003, 0.000005, 0.000009, 0.000026, 0.000065, 0.000007 
 25.300000, 0.000003, 0.000004, 0.000009, 0.000032, 0.000029, 0.000007 
 25.350000, 0.000004, 0.000006, 0.000009, 0.000033, 0.000029, 0.000009 
 25.400000, 0.000003, 0.000006, 0.000010, 0.000034, 0.000030, 0.000009 
 25.450000, 0.000003, 0.000006, 0.000010, 0.000042, 0.000030, 0.000018 
 25.500000, 0.000004, 0.000006, 0.000010, 0.000042, 0.000036, 0.000021 
 25.550000, 0.000003, 0.000006, 0.000008, 0.000038, 0.000034, 0.000020 
 25.600000, 0.000003, 0.000006, 0.000008, 0.000035, 0.000032, 0.000021 
 25.650000, 0.000003, 0.000007, 0.000008, 0.000029, 0.000034, 0.000020 
 25.700000, 0.000003, 0.000007, 0.000009, 0.000041, 0.000037, 0.000020 
 25.750000, 0.000003, 0.000007, 0.000008, 0.000041, 0.000041, 0.000019 
 25.800000, 0.000003, 0.000007, 0.000007, 0.000041, 0.000041, 0.000019 
 25.850000, 0.000003, 0.000006, 0.000007, 0.000041, 0.000033, 0.000022 
 25.900000, 0.000003, 0.000007, 0.000007, 0.000039, 0.000033, 0.000022 
 25.950000, 0.000003, 0.000007, 0.000007, 0.000043, 0.000030, 0.000029 
 26.000000, 0.000004, 0.000007, 0.000007, 0.000045, 0.000028, 0.000029 
 26.050000, 0.000004, 0.000005, 0.000006, 0.000040, 0.000029, 0.000030 
 26.100000, 0.000007, 0.000004, 0.000006, 0.000039, 0.000030, 0.000031 
 26.150000, 0.000007, 0.000004, 0.000005, 0.000037, 0.000044, 0.000033 
 26.200000, 0.000007, 0.000004, 0.000005, 0.000029, 0.000048, 0.000022 
 26.250000, 0.000006, 0.000004, 0.000005, 0.000029, 0.000037, 0.000022 
 26.300000, 0.000007, 0.000004, 0.000007, 0.000028, 0.000037, 0.000025 
 26.350000, 0.000008, 0.000003, 0.000007, 0.000036, 0.000037, 0.000024 
 26.400000, 0.000008, 0.000004, 0.000007, 0.000055, 0.000033, 0.000025 
 26.450000, 0.000007, 0.000004, 0.000007, 0.000045, 0.000031, 0.000026 
 26.500000, 0.000008, 0.000004, 0.000006, 0.000046, 0.000027, 0.000028 
 26.550000, 0.000008, 0.000004, 0.000007, 0.000054, 0.000027, 0.000031 
 26.600000, 0.000007, 0.000005, 0.000008, 0.000054, 0.000030, 0.000028 
 26.650000, 0.000006, 0.000005, 0.000007, 0.000054, 0.000029, 0.000028 
 26.700000, 0.000006, 0.000004, 0.000006, 0.000049, 0.000029, 0.000022 
 26.750000, 0.000006, 0.000005, 0.000006, 0.000048, 0.000029, 0.000023 
 26.800000, 0.000005, 0.000005, 0.000006, 0.000052, 0.000031, 0.000022 
 26.850000, 0.000004, 0.000004, 0.000007, 0.000052, 0.000029, 0.000017 
 26.900000, 0.000004, 0.000004, 0.000007, 0.000055, 0.000017, 0.000013 
 26.950000, 0.000004, 0.000004, 0.000007, 0.000051, 0.000011, 0.000013 
 27.000000, 0.000004, 0.000004, 0.000007, 0.000050, 0.000012, 0.000013 
 27.050000, 0.000003, 0.000004, 0.000005, 0.000050, 0.000021, 0.000013 
 27.100000, 0.000002, 0.000004, 0.000005, 0.000047, 0.000024, 0.000013 
 27.150000, 0.000002, 0.000004, 0.000006, 0.000035, 0.000028, 0.000014 
 27.200000, 0.000002, 0.000004, 0.000006, 0.000033, 0.000034, 0.000014 
 27.250000, 0.000002, 0.000003, 0.000006, 0.000025, 0.000031, 0.000013 
 27.300000, 0.000003, 0.000003, 0.000005, 0.000020, 0.000030, 0.000015 
 27.350000, 0.000003, 0.000002, 0.000004, 0.000020, 0.000023, 0.000015 
 27.400000, 0.000003, 0.000003, 0.000004, 0.000022, 0.000021, 0.000016 
 27.450000, 0.000003, 0.000003, 0.000004, 0.000024, 0.000022, 0.000014 
 27.500000, 0.000003, 0.000003, 0.000004, 0.000024, 0.000025, 0.000014 
 27.550000, 0.000003, 0.000003, 0.000004, 0.000016, 0.000028, 0.000015 
 27.600000, 0.000003, 0.000003, 0.000003, 0.000014, 0.000050, 0.000015 
 27.650000, 0.000002, 0.000003, 0.000003, 0.000013, 0.000058, 0.000015 
 27.700000, 0.000003, 0.000003, 0.000004, 0.000013, 0.000059, 0.000019 
 27.750000, 0.000004, 0.000003, 0.000004, 0.000010, 0.000059, 0.000020 
 27.800000, 0.000003, 0.000003, 0.000005, 0.000010, 0.000056, 0.000026 
 27.850000, 0.000004, 0.000003, 0.000004, 0.000010, 0.000060, 0.000026 
 27.900000, 0.000004, 0.000003, 0.000004, 0.000011, 0.000058, 0.000027 
 27.950000, 0.000004, 0.000003, 0.000004, 0.000015, 0.000056, 0.000029 
 28.000000, 0.000004, 0.000003, 0.000005, 0.000016, 0.000089, 0.000029 
 28.050000, 0.000003, 0.000003, 0.000004, 0.000017, 0.000099, 0.000024 
 28.100000, 0.000005, 0.000003, 0.000005, 0.000017, 0.000116, 0.000026 
 28.150000, 0.000005, 0.000002, 0.000004, 0.000017, 0.000116, 0.000026 
 28.200000, 0.000005, 0.000002, 0.000005, 0.000019, 0.000114, 0.000027 
 28.250000, 0.000005, 0.000002, 0.000006, 0.000020, 0.000108, 0.000026 
 28.300000, 0.000006, 0.000002, 0.000006, 0.000021, 0.000108, 0.000025 
 28.350000, 0.000007, 0.000002, 0.000007, 0.000020, 0.000102, 0.000028 
 28.400000, 0.000007, 0.000003, 0.000007, 0.000019, 0.000092, 0.000028 
 28.450000, 0.000006, 0.000003, 0.000006, 0.000018, 0.000092, 0.000030 
 28.500000, 0.000006, 0.000004, 0.000007, 0.000022, 0.000097, 0.000029 
 28.550000, 0.000006, 0.000004, 0.000007, 0.000022, 0.000097, 0.000020 
 28.600000, 0.000006, 0.000004, 0.000007, 0.000029, 0.000102, 0.000019 
 28.650000, 0.000006, 0.000005, 0.000007, 0.000025, 0.000103, 0.000020 
 28.700000, 0.000006, 0.000005, 0.000008, 0.000028, 0.000102, 0.000022 
 28.750000, 0.000006, 0.000005, 0.000008, 0.000032, 0.000060, 0.000026 
 28.800000, 0.000007, 0.000004, 0.000008, 0.000030, 0.000056, 0.000027 
 28.850000, 0.000005, 0.000004, 0.000008, 0.000033, 0.000042, 0.000025 
 28.900000, 0.000005, 0.000005, 0.000008, 0.000028, 0.000044, 0.000025 
 28.950000, 0.000005, 0.000005, 0.000007, 0.000027, 0.000047, 0.000022 
 29.000000, 0.000005, 0.000005, 0.000007, 0.000032, 0.000046, 0.000022 
 29.050000, 0.000005, 0.000005, 0.000007, 0.000032, 0.000047, 0.000023 
 29.100000, 0.000006, 0.000005, 0.000007, 0.000033, 0.000035, 0.000026 
 29.150000, 0.000005, 0.000004, 0.000007, 0.000039, 0.000028, 0.000026 
 29.200000, 0.000005, 0.000004, 0.000007, 0.000039, 0.000026, 0.000031 
 29.250000, 0.000004, 0.000003, 0.000006, 0.000036, 0.000026, 0.000030 
 29.300000, 0.000005, 0.000003, 0.000006, 0.000038, 0.000029, 0.000034 
 29.350000, 0.000005, 0.000003, 0.000007, 0.000028, 0.000027, 0.000034 
 29.400000, 0.000005, 0.000003, 0.000005, 0.000024, 0.000025, 0.000033 
 29.450000, 0.000003, 0.000002, 0.000005, 0.000023, 0.000036, 0.000033 
 29.500000, 0.000003, 0.000002, 0.000004, 0.000021, 0.000036, 0.000028 
 29.550000, 0.000004, 0.000002, 0.000005, 0.000024, 0.000042, 0.000027 
 29.600000, 0.000005, 0.000002, 0.000005, 0.000022, 0.000041, 0.000027 
 29.650000, 0.000005, 0.000002, 0.000005, 0.000020, 0.000032, 0.000026 
 29.700000, 0.000004, 0.000002, 0.000005, 0.000021, 0.000034, 0.000026 
 29.750000, 0.000005, 0.000003, 0.000005, 0.000020, 0.000036, 0.000026 
 29.800000, 0.000006, 0.000003, 0.000005, 0.000030, 0.000039, 0.000024 
 29.850000, 0.000005, 0.000003, 0.000004, 0.000032, 0.000039, 0.000023 
 29.900000, 0.000005, 0.000003, 0.000004, 0.000022, 0.000042, 0.000028 
 29.950000, 0.000005, 0.000003, 0.000006, 0.000020, 0.000042, 0.000024 
 30.000000, 0.000005, 0.000003, 0.000005, 0.000020, 0.000041, 0.000024 
 30.050000, 0.000004, 0.000003, 0.000006, 0.000021, 0.000040, 0.000022 
 30.100000, 0.000004, 0.000004, 0.000005, 0.000029, 0.000051, 0.000022 
 30.150000, 0.000007, 0.000003, 0.000005, 0.000030, 0.000052, 0.000022 
 30.200000, 0.000007, 0.000004, 0.000006, 0.000032, 0.000031, 0.000020 
 30.250000, 0.000007, 0.000004, 0.000005, 0.000045, 0.000042, 0.000019 
 30.300000, 0.000007, 0.000004, 0.000005, 0.000039, 0.000041, 0.000019 
 30.350000, 0.000006, 0.000004, 0.000005, 0.000042, 0.000049, 0.000024 
 30.400000, 0.000007, 0.000004, 0.000005, 0.000045, 0.000050, 0.000023 
 30.450000, 0.000007, 0.000004, 0.000005, 0.000044, 0.000055, 0.000022 
 30.500000, 0.000007, 0.000003, 0.000011, 0.000046, 0.000056, 0.000022 
 30.550000, 0.000007, 0.000003, 0.000011, 0.000036, 0.000053, 0.000025 
 30.600000, 0.000007, 0.000003, 0.000012, 0.000034, 0.000105, 0.000025 
 30.650000, 0.000007, 0.000003, 0.000012, 0.000037, 0.000112, 0.000018 
 30.700000, 0.000007, 0.000003, 0.000011, 0.000041, 0.000122, 0.000016 
 30.750000, 0.000014, 0.000006, 0.000012, 0.000053, 0.000162, 0.000022 
 30.800000, 0.000020, 0.000009, 0.000012, 0.000053, 0.000189, 0.000017 
 30.850000, 0.000021, 0.000009, 0.000013, 0.000045, 0.000194, 0.000027 
 30.900000, 0.000022, 0.000008, 0.000016, 0.000049, 0.000189, 0.000144 
 30.950000, 0.000021, 0.000008, 0.000015, 0.000049, 0.000198, 0.000144 
 31.000000, 0.000022, 0.000008, 0.000015, 0.000042, 0.000196, 0.000142 
 31.050000, 0.000025, 0.000008, 0.000018, 0.000055, 0.000253, 0.000177 
 31.100000, 0.000233, 0.000068, 0.000018, 0.000084, 0.001082, 0.003648 
 31.150000, 0.000482, 0.000071, 0.000018, 0.000123, 0.001518, 0.015352 
 31.200000, 0.000560, 0.000123, 0.000032, 0.000147, 0.001874, 0.019325 
 31.250000, 0.000635, 0.000126, 0.000064, 0.000208, 0.001958, 0.038396 
 31.300000, 0.000740, 0.000125, 0.000070, 0.000224, 0.001860, 0.065421 
 31.350000, 0.000849, 0.000124, 0.000069, 0.000216, 0.001987, 0.091070 
 31.400000, 0.001038, 0.000126, 0.000087, 0.000221, 0.001944, 0.104514 
 31.450000, 0.001403, 0.000275, 0.000109, 0.000348, 0.001889, 0.110281 
 31.500000, 0.001690, 0.000402, 0.000111, 0.000376, 0.001926, 0.140625 
 31.550000, 0.001839, 0.000467, 0.000126, 0.000439, 0.002013, 0.148892 
 31.600000, 0.002181, 0.000543, 0.000332, 0.000496, 0.002087, 0.165302 
 31.650000, 0.002184, 0.000554, 0.000433, 0.000467, 0.002189, 0.179382 
 31.700000, 0.002272, 0.000677, 0.000433, 0.000431, 0.002683, 0.168286 
 31.750000, 0.002467, 0.000681, 0.000461, 0.000397, 0.002676, 0.133580 
 31.800000, 0.002964, 0.000759, 0.000454, 0.000350, 0.002754, 0.096823 
 31.850000, 0.002990, 0.000734, 0.000461, 0.000506, 0.003727, 0.099149 
 31.900000, 0.003871, 0.000995, 0.000615, 0.000555, 0.003685, 0.148828 
 31.950000, 0.004109, 0.000964, 0.000627, 0.000605, 0.003245, 0.120171 
 32.000000, 0.004560, 0.000972, 0.000629, 0.000605, 0.002524, 0.105773 
 32.050000, 0.005363, 0.001064, 0.000612, 0.000669, 0.002411, 0.103022 
 32.100000, 0.005324, 0.001122, 0.000615, 0.000737, 0.002461, 0.096371 
 32.150000, 0.005353, 0.001202, 0.000691, 0.000904, 0.002322, 0.086281 
 32.200000, 0.004870, 0.001023, 0.000678, 0.001007, 0.002154, 0.076995 
 32.250000, 0.004785, 0.000936, 0.000686, 0.001349, 0.002076, 0.081501 
 32.300000, 0.004585, 0.000987, 0.000665, 0.001429, 0.002016, 0.078936 
 32.350000, 0.004408, 0.000903, 0.000490, 0.001367, 0.002049, 0.085005 
 32.400000, 0.004384, 0.000843, 0.000330, 0.001225, 0.002031, 0.099624 
 32.450000, 0.004528, 0.000865, 0.000331, 0.001266, 0.002003, 0.139418 
 32.500000, 0.004788, 0.000941, 0.000326, 0.001190, 0.001737, 0.153799 
 32.550000, 0.004097, 0.000818, 0.000315, 0.001209, 0.001030, 0.153488 
 32.600000, 0.003558, 0.000831, 0.000260, 0.000737, 0.001261, 0.141056 
 32.650000, 0.002863, 0.000626, 0.000178, 0.000766, 0.001182, 0.086973 
 32.700000, 0.002648, 0.000661, 0.000162, 0.000390, 0.001184, 0.086210 
 32.750000, 0.002504, 0.000926, 0.000110, 0.000166, 0.001297, 0.084206 
 32.800000, 0.001916, 0.000859, 0.000097, 0.000156, 0.001317, 0.082269 
 32.850000, 0.001928, 0.000812, 0.000099, 0.000146, 0.001323, 0.095852 
 32.900000, 0.001860, 0.000746, 0.000062, 0.000154, 0.001358, 0.097272 
 32.950000, 0.001853, 0.000774, 0.000065, 0.000153, 0.001541, 0.094703 
 33.000000, 0.001866, 0.001079, 0.000061, 0.000105, 0.001545, 0.092325 
 33.050000, 0.001866, 0.000931, 0.000057, 0.000105, 0.001551, 0.087082 
 33.100000, 0.001463, 0.000895, 0.000034, 0.000104, 0.001549, 0.087210 
 33.150000, 0.001465, 0.000893, 0.000033, 0.000071, 0.001605, 0.092204 
 33.200000, 0.001383, 0.000804, 0.000031, 0.000099, 0.001773, 0.102048 
 33.250000, 0.001040, 0.000705, 0.000030, 0.000100, 0.001843, 0.106875 
 33.300000, 0.001171, 0.000703, 0.000332, 0.000156, 0.002449, 0.067698 
 33.350000, 0.001086, 0.000701, 0.000332, 0.000135, 0.001446, 0.044076 
 33.400000, 0.001076, 0.000703, 0.000339, 0.000132, 0.001343, 0.034280 
 33.450000, 0.001021, 0.000630, 0.000338, 0.000128, 0.001343, 0.029787 
 33.500000, 0.000396, 0.000391, 0.000338, 0.000128, 0.001322, 0.017590 
 33.550000, 0.000380, 0.000393, 0.000339, 0.000122, 0.001322, 0.017626 
 33.600000, 0.000380, 0.000382, 0.000337, 0.000122, 0.001339, 0.017621 
 33.650000, 0.000329, 0.000320, 0.000333, 0.000117, 0.001346, 0.014726 
 33.700000, 0.000322, 0.000313, 0.000330, 0.000117, 0.001253, 0.004892 
 33.750000, 0.000099, 0.000035, 0.000333, 0.000117, 0.001259, 0.000370 
 33.800000, 0.000099, 0.000034, 0.000329, 0.000112, 0.001264, 0.000363 
 33.850000, 0.000096, 0.000037, 0.000331, 0.000121, 0.001290, 0.000363 
 33.900000, 0.000097, 0.000037, 0.000337, 0.000112, 0.001275, 0.000362 
 33.950000, 0.000097, 0.000037, 0.000339, 0.000082, 0.001160, 0.000324 
 34.000000, 0.000086, 0.000037, 0.000343, 0.000083, 0.001059, 0.000223 
 34.050000, 0.000005, 0.000005, 0.000014, 0.000025, 0.000059, 0.000020 
 34.100000, 0.000004, 0.000006, 0.000010, 0.000025, 0.000060, 0.000019 
 34.150000, 0.000003, 0.000005, 0.000009, 0.000025, 0.000051, 0.000020 
 34.200000, 0.000003, 0.000005, 0.000009, 0.000023, 0.000040, 0.000024 
 34.250000, 0.000003, 0.000006, 0.000009, 0.000023, 0.000039, 0.000021 
 34.300000, 0.000003, 0.000006, 0.000008, 0.000018, 0.000028, 0.000022 
 34.350000, 0.000004, 0.000006, 0.000008, 0.000018, 0.000037, 0.000020 
 34.400000, 0.000004, 0.000006, 0.000008, 0.000018, 0.000045, 0.000025 
 34.450000, 0.000004, 0.000006, 0.000008, 0.000020, 0.000036, 0.000019 
 34.500000, 0.000004, 0.000006, 0.000007, 0.000015, 0.000043, 0.000019 
 34.550000, 0.000004, 0.000006, 0.000009, 0.000014, 0.000045, 0.000019 
 34.600000, 0.000004, 0.000005, 0.000009, 0.000009, 0.000040, 0.000025 
 34.650000, 0.000003, 0.000005, 0.000008, 0.000009, 0.000041, 0.000025 
 34.700000, 0.000003, 0.000005, 0.000008, 0.000016, 0.000039, 0.000026 
 34.750000, 0.000003, 0.000005, 0.000007, 0.000016, 0.000040, 0.000024 
 34.800000, 0.000004, 0.000005, 0.000007, 0.000017, 0.000041, 0.000024 
 34.850000, 0.000004, 0.000005, 0.000007, 0.000017, 0.000040, 0.000026 
 34.900000, 0.000002, 0.000005, 0.000006, 0.000018, 0.000036, 0.000025 
 34.950000, 0.000003, 0.000005, 0.000004, 0.000018, 0.000043, 0.000024 
 35.000000, 0.000003, 0.000004, 0.000006, 0.000019, 0.000045, 0.000025 
 35.050000, 0.000003, 0.000004, 0.000006, 0.000020, 0.000053, 0.000026 
 35.100000, 0.000003, 0.000004, 0.000006, 0.000020, 0.000046, 0.000025 
 35.150000, 0.000004, 0.000004, 0.000007, 0.000020, 0.000040, 0.000020 
 35.200000, 0.000005, 0.000004, 0.000008, 0.000021, 0.000042, 0.000026 
 35.250000, 0.000007, 0.000004, 0.000011, 0.000025, 0.000037, 0.000026 
 35.300000, 0.000008, 0.000004, 0.000009, 0.000022, 0.000039, 0.000026 
 35.350000, 0.000007, 0.000004, 0.000010, 0.000022, 0.000042, 0.000021 
 35.400000, 0.000008, 0.000005, 0.000011, 0.000027, 0.000042, 0.000019 
 35.450000, 0.000008, 0.000004, 0.000013, 0.000022, 0.000046, 0.000019 
 35.500000, 0.000008, 0.000004, 0.000013, 0.000020, 0.000044, 0.000021 
 35.550000, 0.000007, 0.000003, 0.000013, 0.000018, 0.000045, 0.000025 
 35.600000, 0.000007, 0.000003, 0.000013, 0.000021, 0.000045, 0.000019 
 35.650000, 0.000007, 0.000003, 0.000013, 0.000021, 0.000042, 0.000018 
 35.700000, 0.000007, 0.000004, 0.000015, 0.000021, 0.000029, 0.000019 
 35.750000, 0.000006, 0.000005, 0.000012, 0.000021, 0.000024, 0.000021 
 35.800000, 0.000007, 0.000005, 0.000013, 0.000020, 0.000028, 0.000020 
 35.850000, 0.000005, 0.000005, 0.000013, 0.000019, 0.000031, 0.000024 
 35.900000, 0.000005, 0.000005, 0.000012, 0.000023, 0.000030, 0.000022 
 35.950000, 0.000003, 0.000005, 0.000012, 0.000029, 0.000031, 0.000021 
 36.000000, 0.000002, 0.000005, 0.000010, 0.000030, 0.000021, 0.000022 
 36.050000, 0.000002, 0.000005, 0.000010, 0.000030, 0.000021, 0.000025 
 36.100000, 0.000003, 0.000004, 0.000009, 0.000031, 0.000023, 0.000024 
 36.150000, 0.000003, 0.000004, 0.000009, 0.000028, 0.000019, 0.000049 
 36.200000, 0.000003, 0.000003, 0.000007, 0.000026, 0.000030, 0.000049 
 36.250000, 0.000004, 0.000004, 0.000006, 0.000029, 0.000036, 0.000047 
 36.300000, 0.000004, 0.000003, 0.000010, 0.000031, 0.000035, 0.000039 
 36.350000, 0.000004, 0.000003, 0.000011, 0.000026, 0.000044, 0.000038 
 36.400000, 0.000004, 0.000005, 0.000011, 0.000026, 0.000045, 0.000038 
 36.450000, 0.000004, 0.000003, 0.000010, 0.000030, 0.000045, 0.000038 
 36.500000, 0.000004, 0.000003, 0.000010, 0.000035, 0.000039, 0.000041 
 36.550000, 0.000004, 0.000003, 0.000010, 0.000035, 0.000042, 0.000037 
 36.600000, 0.000004, 0.000005, 0.000010, 0.000048, 0.000042, 0.000028 
 36.650000, 0.000003, 0.000005, 0.000010, 0.000041, 0.000041, 0.000028 
 36.700000, 0.000004, 0.000005, 0.000011, 0.000038, 0.000042, 0.000028 
 36.750000, 0.000004, 0.000005, 0.000011, 0.000036, 0.000041, 0.000028 
 36.800000, 0.000004, 0.000004, 0.000008, 0.000037, 0.000039, 0.000027 
 36.850000, 0.000007, 0.000005, 0.000009, 0.000041, 0.000035, 0.000028 
 36.900000, 0.000008, 0.000005, 0.000009, 0.000043, 0.000030, 0.000009 
 36.950000, 0.000010, 0.000004, 0.000008, 0.000048, 0.000053, 0.000025 
 37.000000, 0.000009, 0.000005, 0.000009, 0.000046, 0.000120, 0.000026 
 37.050000, 0.000020, 0.000004, 0.000006, 0.000047, 0.000121, 0.000026 
 37.100000, 0.000074, 0.000004, 0.000006, 0.000052, 0.000118, 0.000590 
 37.150000, 0.000097, 0.000013, 0.000007, 0.000054, 0.000169, 0.004160 
 37.200000, 0.000100, 0.000112, 0.000006, 0.000085, 0.000170, 0.022559 
 37.250000, 0.000100, 0.000111, 0.000007, 0.000126, 0.000170, 0.061564 
 37.300000, 0.000280, 0.000156, 0.000056, 0.000142, 0.000169, 0.088516 
 37.350000, 0.001230, 0.000417, 0.000055, 0.000177, 0.000644, 0.100350 
 37.400000, 0.001266, 0.000434, 0.000058, 0.000175, 0.000668, 0.173956 
 37.450000, 0.001302, 0.000457, 0.000065, 0.000195, 0.000888, 0.271732 
 37.500000, 0.001432, 0.000439, 0.000064, 0.000196, 0.001005, 0.379236 
 37.550000, 0.001473, 0.000427, 0.000064, 0.000194, 0.001038, 0.451164 
 37.600000, 0.001909, 0.000404, 0.000081, 0.000180, 0.001053, 0.514422 
 37.650000, 0.001907, 0.000386, 0.000087, 0.000205, 0.001309, 0.529042 
 37.700000, 0.001870, 0.000366, 0.000089, 0.000256, 0.001965, 0.523743 
 37.750000, 0.002524, 0.000341, 0.000099, 0.000268, 0.001931, 0.512034 
 37.800000, 0.002605, 0.000311, 0.000116, 0.000275, 0.002232, 0.438810 
 37.850000, 0.003121, 0.000298, 0.000117, 0.000303, 0.002228, 0.339700 
 37.900000, 0.003122, 0.000375, 0.000114, 0.000343, 0.002157, 0.245473 
 37.950000, 0.003553, 0.000470, 0.000115, 0.000649, 0.002352, 0.186983 
 38.000000, 0.003553, 0.000452, 0.000108, 0.000580, 0.002407, 0.165866 
 38.050000, 0.003376, 0.000469, 0.000116, 0.000574, 0.002471, 0.142382 
 38.100000, 0.002161, 0.000286, 0.000118, 0.000520, 0.001889, 0.104947 
 38.150000, 0.001949, 0.000280, 0.000121, 0.000511, 0.001926, 0.130154 
 38.200000, 0.001598, 0.000300, 0.000117, 0.000449, 0.001784, 0.160408 
 38.250000, 0.001668, 0.000378, 0.000123, 0.000429, 0.001661, 0.182938 
 38.300000, 0.001276, 0.000432, 0.000123, 0.000439, 0.001586, 0.222419 
 38.350000, 0.001207, 0.000438, 0.000097, 0.000448, 0.001582, 0.231987 
 38.400000, 0.001179, 0.000449, 0.000103, 0.000448, 0.001438, 0.252327 
 38.450000, 0.000905, 0.000492, 0.000110, 0.000427, 0.000784, 0.268112 
 38.500000, 0.000722, 0.000503, 0.000100, 0.000433, 0.000746, 0.255124 
 38.550000, 0.000787, 0.000491, 0.000082, 0.000436, 0.000355, 0.242171 
 38.600000, 0.000601, 0.000492, 0.000088, 0.000430, 0.000516, 0.232602 
 38.650000, 0.000508, 0.000273, 0.000090, 0.000357, 0.001176, 0.227155 
 38.700000, 0.000281, 0.000253, 0.000085, 0.000110, 0.001009, 0.185352 
 38.750000, 0.000272, 0.000247, 0.000085, 0.000114, 0.000995, 0.171184 
 38.800000, 0.000279, 0.000248, 0.000048, 0.000110, 0.000905, 0.151831 
 38.850000, 0.000276, 0.000208, 0.000047, 0.000094, 0.000884, 0.126480 
 38.900000, 0.000255, 0.000209, 0.000044, 0.000094, 0.000853, 0.102585 
 38.950000, 0.000253, 0.000194, 0.000045, 0.000091, 0.000852, 0.076026 
 39.000000, 0.000105, 0.000145, 0.000038, 0.000092, 0.000765, 0.048181 
 39.050000, 0.000099, 0.000059, 0.000036, 0.000087, 0.000739, 0.035307 
 39.100000, 0.000102, 0.000059, 0.000038, 0.000075, 0.000646, 0.015604 
 39.150000, 0.000102, 0.000055, 0.000020, 0.000099, 0.000605, 0.004190 
 39.200000, 0.000026, 0.000023, 0.000017, 0.000097, 0.000627, 0.000044 
 39.250000, 0.000024, 0.000012, 0.000017, 0.000100, 0.000625, 0.000029 
 39.300000, 0.000014, 0.000012, 0.000018, 0.000095, 0.000633, 0.000031 
 39.350000, 0.000009, 0.000011, 0.000016, 0.000092, 0.000593, 0.000030 
 39.400000, 0.000008, 0.000004, 0.000009, 0.000054, 0.000089, 0.000030 
 39.450000, 0.000005, 0.000003, 0.000006, 0.000051, 0.000087, 0.000023 
 39.500000, 0.000005, 0.000004, 0.000007, 0.000060, 0.000036, 0.000019 
 39.550000, 0.000005, 0.000004, 0.000006, 0.000064, 0.000034, 0.000018 
 39.600000, 0.000005, 0.000003, 0.000007, 0.000061, 0.000036, 0.000018 
 39.650000, 0.000005, 0.000004, 0.000007, 0.000064, 0.000036, 0.000018 
 39.700000, 0.000006, 0.000004, 0.000007, 0.000063, 0.000036, 0.000018 
 39.750000, 0.000008, 0.000006, 0.000007, 0.000060, 0.000024, 0.000018 
 39.800000, 0.000007, 0.000005, 0.000007, 0.000059, 0.000024, 0.000016 
 39.850000, 0.000007, 0.000005, 0.000007, 0.000056, 0.000024, 0.000016 
 39.900000, 0.000007, 0.000005, 0.000006, 0.000033, 0.000023, 0.000020 
 39.950000, 0.000009, 0.000005, 0.000009, 0.000033, 0.000017, 0.000019 
 40.000000, 0.000008, 0.000005, 0.000009, 0.000030, 0.000019, 0.000021 
 40.050000, 0.000008, 0.000005, 0.000008, 0.000027, 0.000019, 0.000023 
 40.100000, 0.000008, 0.000005, 0.000008, 0.000024, 0.000015, 0.000025 
 40.150000, 0.000008, 0.000004, 0.000008, 0.000025, 0.000014, 0.000025 
 40.200000, 0.000008, 0.000004, 0.000008, 0.000024, 0.000016, 0.000021 
 40.250000, 0.000007, 0.000004, 0.000008, 0.000012, 0.000016, 0.000025 
 40.300000, 0.000007, 0.000004, 0.000006, 0.000009, 0.000019, 0.000025 
 40.350000, 0.000006, 0.000004, 0.000006, 0.000010, 0.000019, 0.000026 
 40.400000, 0.000006, 0.000004, 0.000006, 0.000008, 0.000021, 0.000026 
 40.450000, 0.000006, 0.000004, 0.000006, 0.000008, 0.000021, 0.000023 
 40.500000, 0.000006, 0.000002, 0.000006, 0.000010, 0.000022, 0.000023 
 40.550000, 0.000006, 0.000002, 0.000006, 0.000010, 0.000023, 0.000026 
 40.600000, 0.000006, 0.000002, 0.000007, 0.000009, 0.000021, 0.000026 
 40.650000, 0.000006, 0.000002, 0.000007, 0.000009, 0.000024, 0.000022 
 40.700000, 0.000005, 0.000004, 0.000006, 0.000008, 0.000024, 0.000021 
 40.750000, 0.000007, 0.000004, 0.000006, 0.000015, 0.000022, 0.000020 
 40.800000, 0.000007, 0.000004, 0.000006, 0.000016, 0.000021, 0.000018 
 40.850000, 0.000007, 0.000004, 0.000006, 0.000017, 0.000021, 0.000016 
 40.900000, 0.000007, 0.000004, 0.000006, 0.000016, 0.000021, 0.000021 
 40.950000, 0.000007, 0.000005, 0.000006, 0.000020, 0.000021, 0.000027 
 41.000000, 0.000007, 0.000005, 0.000004, 0.000020, 0.000022, 0.000023 
 41.050000, 0.000007, 0.000005, 0.000004, 0.000019, 0.000018, 0.000022 
 41.100000, 0.000008, 0.000005, 0.000006, 0.000021, 0.000018, 0.000028 
 41.150000, 0.000007, 0.000005, 0.000006, 0.000021, 0.000021, 0.000028 
 41.200000, 0.000007, 0.000005, 0.000006, 0.000022, 0.000022, 0.000029 
 41.250000, 0.000006, 0.000005, 0.000007, 0.000027, 0.000021, 0.000028 
 41.300000, 0.000005, 0.000004, 0.000006, 0.000027, 0.000019, 0.000028 
 41.350000, 0.000005, 0.000004, 0.000006, 0.000028, 0.000023, 0.000027 
 41.400000, 0.000005, 0.000004, 0.000006, 0.000027, 0.000024, 0.000027 
 41.450000, 0.000005, 0.000003, 0.000012, 0.000027, 0.000029, 0.000025 
 41.500000, 0.000003, 0.000003, 0.000012, 0.000020, 0.000029, 0.000026 
 41.550000, 0.000003, 0.000004, 0.000012, 0.000019, 0.000032, 0.000024 
 41.600000, 0.000003, 0.000004, 0.000013, 0.000019, 0.000035, 0.000023 
 41.650000, 0.000003, 0.000004, 0.000014, 0.000020, 0.000044, 0.000022 
 41.700000, 0.000003, 0.000005, 0.000013, 0.000015, 0.000053, 0.000017 
 41.750000, 0.000005, 0.000004, 0.000013, 0.000014, 0.000058, 0.000016 
 41.800000, 0.000004, 0.000004, 0.000014, 0.000014, 0.000057, 0.000016 
 41.850000, 0.000004, 0.000005, 0.000010, 0.000017, 0.000058, 0.000008 
 41.900000, 0.000005, 0.000004, 0.000010, 0.000018, 0.000054, 0.000008 
 41.950000, 0.000006, 0.000004, 0.000010, 0.000015, 0.000054, 0.000008 
 42.000000, 0.000005, 0.000004, 0.000010, 0.000012, 0.000053, 0.000010 
 42.050000, 0.000005, 0.000005, 0.000010, 0.000012, 0.000051, 0.000010 
 42.100000, 0.000005, 0.000004, 0.000011, 0.000015, 0.000050, 0.000011 
 42.150000, 0.000007, 0.000005, 0.000010, 0.000023, 0.000039, 0.000011 
 42.200000, 0.000008, 0.000004, 0.000008, 0.000024, 0.000045, 0.000011 
 42.250000, 0.000008, 0.000004, 0.000011, 0.000040, 0.000048, 0.000009 
 42.300000, 0.000008, 0.000002, 0.000012, 0.000042, 0.000043, 0.000009 
 42.350000, 0.000008, 0.000003, 0.000011, 0.000042, 0.000054, 0.000010 
 42.400000, 0.000007, 0.000003, 0.000011, 0.000040, 0.000047, 0.000010 
 42.450000, 0.000007, 0.000002, 0.000011, 0.000040, 0.000043, 0.000010 
 42.500000, 0.000009, 0.000002, 0.000011, 0.000042, 0.000052, 0.000013 
 42.550000, 0.000009, 0.000008, 0.000012, 0.000056, 0.000171, 0.000013 
 42.600000, 0.000011, 0.000007, 0.000014, 0.000177, 0.000320, 0.000038 
 42.650000, 0.000011, 0.000014, 0.000013, 0.000322, 0.000709, 0.000046 
 42.700000, 0.000147, 0.000023, 0.000013, 0.000543, 0.001228, 0.000087 
 42.750000, 0.000199, 0.000047, 0.000166, 0.001532, 0.002215, 0.000109 
 42.800000, 0.000528, 0.000192, 0.000274, 0.010272, 0.008986, 0.000363 
 42.850000, 0.000542, 0.000642, 0.000279, 0.043525, 0.011843, 0.000363 
 42.900000, 0.000547, 0.001340, 0.000276, 0.108914, 0.012889, 0.001853 
 42.950000, 0.000531, 0.003762, 0.000266, 0.183823, 0.014010, 0.003238 
 43.000000, 0.001045, 0.005884, 0.000277, 0.256757, 0.013678, 0.004617 
 43.050000, 0.001140, 0.009757, 0.000272, 0.348156, 0.012710, 0.007023 
 43.100000, 0.002600, 0.014064, 0.000845, 0.487392, 0.014141, 0.010397 
 43.150000, 0.003182, 0.021825, 0.002533, 0.582140, 0.013414, 0.010274 
 43.200000, 0.003465, 0.030849, 0.004626, 0.623202, 0.012133, 0.017120 
 43.250000, 0.003266, 0.042990, 0.010130, 0.652703, 0.011463, 0.032027 
 43.300000, 0.002929, 0.056250, 0.015409, 0.651744, 0.011288, 0.044006 
 43.350000, 0.002639, 0.068664, 0.024281, 0.603475, 0.011280, 0.052061 
 43.400000, 0.002286, 0.079518, 0.034409, 0.505399, 0.011688, 0.055742 
 43.450000, 0.002313, 0.087467, 0.046680, 0.381045, 0.011433, 0.057667 
 43.500000, 0.002360, 0.091160, 0.059158, 0.248623, 0.016287, 0.057583 
 43.550000, 0.002463, 0.090316, 0.073043, 0.155461, 0.016780, 0.058230 
 43.600000, 0.002316, 0.085749, 0.078184, 0.136025, 0.027904, 0.059672 
 43.650000, 0.002183, 0.076774, 0.083151, 0.155382, 0.028282, 0.058198 
 43.700000, 0.002129, 0.069591, 0.090513, 0.190953, 0.026971, 0.054881 
 43.750000, 0.002081, 0.056277, 0.081012, 0.286599, 0.026389, 0.051318 
 43.800000, 0.002088, 0.044349, 0.073269, 0.350970, 0.026259, 0.043783 
 43.850000, 0.001276, 0.030648, 0.062787, 0.364310, 0.026721, 0.032172 
 43.900000, 0.000912, 0.021224, 0.055961, 0.359646, 0.026862, 0.030498 
 43.950000, 0.000469, 0.012823, 0.044062, 0.361915, 0.026052, 0.030047 
 44.000000, 0.000414, 0.007722, 0.037129, 0.315362, 0.023154, 0.023604 
 44.050000, 0.000862, 0.004401, 0.032274, 0.243412, 0.022839, 0.017156 
 44.100000, 0.000878, 0.002245, 0.028432, 0.195050, 0.017830, 0.014692 
 44.150000, 0.000849, 0.001011, 0.022666, 0.169043, 0.011071, 0.012773 
 44.200000, 0.000923, 0.000596, 0.018981, 0.138175, 0.006412, 0.009501 
 44.250000, 0.001024, 0.000412, 0.018318, 0.099130, 0.006443, 0.008725 
 44.300000, 0.001022, 0.000268, 0.017356, 0.097508, 0.006721, 0.008735 
 44.350000, 0.001050, 0.000206, 0.013796, 0.107268, 0.001556, 0.008040 
 44.400000, 0.000887, 0.000151, 0.011441, 0.109511, 0.001542, 0.007195 
 44.450000, 0.000899, 0.000162, 0.011418, 0.102725, 0.001402, 0.007219 
 44.500000, 0.000769, 0.000103, 0.005933, 0.111132, 0.001217, 0.007296 
 44.550000, 0.000716, 0.000099, 0.005077, 0.110945, 0.001211, 0.006833 
 44.600000, 0.000639, 0.000071, 0.002911, 0.103889, 0.000833, 0.006151 
 44.650000, 0.000639, 0.000075, 0.002472, 0.089769, 0.000776, 0.004846 
 44.700000, 0.000609, 0.000065, 0.001377, 0.080979, 0.000639, 0.004755 
 44.750000, 0.000627, 0.000062, 0.000882, 0.055313, 0.000664, 0.003832 
 44.800000, 0.000324, 0.000064, 0.000694, 0.018012, 0.000640, 0.003041 
 44.850000, 0.000322, 0.000064, 0.000579, 0.010615, 0.000650, 0.002087 
 44.900000, 0.000337, 0.000063, 0.000571, 0.007942, 0.000628, 0.001224 
 44.950000, 0.000218, 0.000031, 0.000584, 0.005129, 0.000139, 0.001180 
 45.000000, 0.000151, 0.000026, 0.000122, 0.003080, 0.000071, 0.000952 
 45.050000, 0.000131, 0.000026, 0.000128, 0.002218, 0.000072, 0.000933 
 45.100000, 0.000115, 0.000024, 0.000107, 0.001336, 0.000061, 0.000877 
 45.150000, 0.000114, 0.000023, 0.000109, 0.000729, 0.000045, 0.000856 
 45.200000, 0.000106, 0.000023, 0.000103, 0.000766, 0.000044, 0.000865 
 45.250000, 0.000063, 0.000019, 0.000126, 0.000646, 0.000034, 0.000726 
 45.300000, 0.000061, 0.000020, 0.000106, 0.000805, 0.000034, 0.000590 
 45.350000, 0.000063, 0.000019, 0.000123, 0.000900, 0.000037, 0.000504 
 45.400000, 0.000068, 0.000019, 0.000123, 0.000968, 0.000037, 0.000522 
 45.450000, 0.000068, 0.000018, 0.000130, 0.001443, 0.000038, 0.000387 
 45.500000, 0.000055, 0.000017, 0.000146, 0.001646, 0.000033, 0.000420 
 45.550000, 0.000056, 0.000017, 0.000200, 0.001715, 0.000031, 0.000421 
 45.600000, 0.000058, 0.000017, 0.000230, 0.001703, 0.000030, 0.000354 
 45.650000, 0.000052, 0.000017, 0.000188, 0.001924, 0.000030, 0.000305 
 45.700000, 0.000047, 0.000017, 0.000191, 0.002305, 0.000036, 0.000205 
 45.750000, 0.000035, 0.000018, 0.000134, 0.002178, 0.000035, 0.000206 
 45.800000, 0.000038, 0.000016, 0.000140, 0.002274, 0.000035, 0.000180 
 45.850000, 0.000045, 0.000016, 0.000132, 0.002291, 0.000036, 0.000196 
 45.900000, 0.000044, 0.000014, 0.000158, 0.002321, 0.000036, 0.000227 
 45.950000, 0.000043, 0.000013, 0.000158, 0.003150, 0.000032, 0.000253 
 46.000000, 0.000049, 0.000016, 0.000156, 0.003973, 0.000032, 0.000243 
 46.050000, 0.000049, 0.000016, 0.000224, 0.004363, 0.000041, 0.000247 
 46.100000, 0.000052, 0.000018, 0.000175, 0.004355, 0.000047, 0.000342 
 46.150000, 0.000049, 0.000018, 0.000183, 0.004345, 0.000050, 0.000331 
 46.200000, 0.000078, 0.000017, 0.000228, 0.004550, 0.000045, 0.000352 
 46.250000, 0.000082, 0.000017, 0.000230, 0.004228, 0.000045, 0.000356 
 46.300000, 0.000082, 0.000018, 0.000244, 0.004418, 0.000054, 0.000311 
 46.350000, 0.000082, 0.000018, 0.000238, 0.004420, 0.000053, 0.000282 
 46.400000, 0.000081, 0.000018, 0.000257, 0.004214, 0.000050, 0.000299 
 46.450000, 0.000083, 0.000017, 0.000245, 0.004064, 0.000036, 0.000308 
 46.500000, 0.000083, 0.000018, 0.000245, 0.004042, 0.000040, 0.000313 
 46.550000, 0.000084, 0.000018, 0.000249, 0.003809, 0.000042, 0.000357 
 46.600000, 0.000078, 0.000017, 0.000247, 0.003786, 0.000042, 0.000356 
 46.650000, 0.000077, 0.000018, 0.000225, 0.003841, 0.000045, 0.000349 
 46.700000, 0.000085, 0.000019, 0.000284, 0.003085, 0.000049, 0.000320 
 46.750000, 0.000088, 0.000016, 0.000285, 0.002366, 0.000051, 0.000380 
 46.800000, 0.000087, 0.000016, 0.000190, 0.001942, 0.000054, 0.000394 
 46.850000, 0.000096, 0.000016, 0.000216, 0.002151, 0.000045, 0.000324 
 46.900000, 0.000091, 0.000017, 0.000178, 0.002147, 0.000047, 0.000328 
 46.950000, 0.000064, 0.000018, 0.000147, 0.001467, 0.000048, 0.000295 
 47.000000, 0.000067, 0.000018, 0.000165, 0.001574, 0.000047, 0.000240 
 47.050000, 0.000068, 0.000018, 0.000146, 0.001243, 0.000045, 0.000262 
 47.100000, 0.000066, 0.000017, 0.000141, 0.001225, 0.000045, 0.000268 
 47.150000, 0.000054, 0.000016, 0.000142, 0.001229, 0.000047, 0.000224 
 47.200000, 0.000058, 0.000017, 0.000136, 0.001230, 0.000070, 0.000228 
 47.250000, 0.000055, 0.000016, 0.000139, 0.001264, 0.000065, 0.000202 
 47.300000, 0.000053, 0.000016, 0.000132, 0.001678, 0.000061, 0.000186 
 47.350000, 0.000051, 0.000016, 0.000172, 0.001735, 0.000067, 0.000174 
 47.400000, 0.000056, 0.000017, 0.000179, 0.001586, 0.000061, 0.000157 
 47.450000, 0.000068, 0.000016, 0.000147, 0.001997, 0.000051, 0.000285 
 47.500000, 0.000065, 0.000016, 0.000146, 0.001887, 0.000054, 0.000252 
 47.550000, 0.000064, 0.000015, 0.000156, 0.001733, 0.000049, 0.000241 
 47.600000, 0.000061, 0.000015, 0.000156, 0.001647, 0.000049, 0.000245 
 47.650000, 0.000063, 0.000014, 0.000155, 0.001562, 0.000047, 0.000245 
 47.700000, 0.000068, 0.000014, 0.000162, 0.001474, 0.000053, 0.000246 
 47.750000, 0.000056, 0.000013, 0.000150, 0.001547, 0.000055, 0.000361 
 47.800000, 0.000106, 0.000015, 0.000151, 0.003305, 0.000051, 0.000335 
 47.850000, 0.000108, 0.000016, 0.000190, 0.007766, 0.000050, 0.000582 
 47.900000, 0.000113, 0.000016, 0.000163, 0.020225, 0.000062, 0.000895 
 47.950000, 0.000114, 0.000019, 0.000418, 0.042269, 0.000057, 0.001024 
 48.000000, 0.000125, 0.000033, 0.001482, 0.072798, 0.000126, 0.001031 
 48.050000, 0.000149, 0.000041, 0.003085, 0.085616, 0.000129, 0.001044 
 48.100000, 0.000157, 0.000053, 0.004274, 0.090211, 0.000128, 0.001200 
 48.150000, 0.000157, 0.000082, 0.005762, 0.095945, 0.000130, 0.001639 
 48.200000, 0.000159, 0.000135, 0.008276, 0.107137, 0.000150, 0.001938 
 48.250000, 0.000159, 0.000246, 0.010337, 0.114979, 0.000205, 0.001919 
 48.300000, 0.000172, 0.000505, 0.013995, 0.134411, 0.000346, 0.001922 
 48.350000, 0.000170, 0.000870, 0.018714, 0.153156, 0.001922, 0.001961 
 48.400000, 0.000170, 0.001587, 0.023001, 0.165159, 0.002083, 0.001962 
 48.450000, 0.000179, 0.002471, 0.029104, 0.179896, 0.002766, 0.002357 
 48.500000, 0.000191, 0.004620, 0.036263, 0.186285, 0.002960, 0.002972 
 48.550000, 0.000276, 0.007647, 0.042608, 0.188313, 0.003143, 0.003527 
 48.600000, 0.000355, 0.011825, 0.048463, 0.195955, 0.003564, 0.003109 
 48.650000, 0.000341, 0.016395, 0.052847, 0.199477, 0.004138, 0.003089 
 48.700000, 0.000326, 0.022505, 0.060058, 0.206667, 0.004179, 0.003171 
 48.750000, 0.000295, 0.031227, 0.067307, 0.203433, 0.004205, 0.003095 
 48.800000, 0.000233, 0.039478, 0.073131, 0.181520, 0.004214, 0.003479 
 48.850000, 0.000194, 0.048570, 0.074070, 0.141538, 0.004572, 0.005763 
 48.900000, 0.000310, 0.057934, 0.072575, 0.102359, 0.004810, 0.007430 
 48.950000, 0.000309, 0.064563, 0.069711, 0.074944, 0.005053, 0.007396 
 49.000000, 0.000302, 0.068700, 0.059982, 0.068718, 0.005088, 0.007434 
 49.050000, 0.000357, 0.070615, 0.050992, 0.088736, 0.005069, 0.007279 
 49.100000, 0.000351, 0.070565, 0.041876, 0.117820, 0.003217, 0.006752 
 49.150000, 0.000391, 0.066722, 0.031701, 0.150398, 0.003031, 0.006460 
 49.200000, 0.000395, 0.060521, 0.022721, 0.202630, 0.001385, 0.007488 
 49.250000, 0.000405, 0.054687, 0.015567, 0.260375, 0.002086, 0.007747 
 49.300000, 0.000368, 0.046977, 0.009414, 0.316618, 0.002754, 0.008127 
 49.350000, 0.000881, 0.038168, 0.006316, 0.332529, 0.007102, 0.017305 
 49.400000, 0.000931, 0.029049, 0.003153, 0.343417, 0.007121, 0.016776 
 49.450000, 0.001034, 0.020812, 0.001881, 0.321660, 0.006214, 0.016338 
 49.500000, 0.001079, 0.015314, 0.001189, 0.293704, 0.005917, 0.016345 
 49.550000, 0.001154, 0.010107, 0.000900, 0.250917, 0.005307, 0.016233 
 49.600000, 0.001185, 0.006657, 0.000751, 0.214859, 0.005730, 0.014009 
 49.650000, 0.000916, 0.004563, 0.000748, 0.168413, 0.006117, 0.011728 
 49.700000, 0.000898, 0.002812, 0.000724, 0.121419, 0.006554, 0.011709 
 49.750000, 0.000756, 0.001537, 0.000709, 0.093496, 0.006774, 0.011692 
 49.800000, 0.000766, 0.000708, 0.000703, 0.069613, 0.007070, 0.011735 
 49.850000, 0.000613, 0.000417, 0.000702, 0.044420, 0.007441, 0.011308 
 49.900000, 0.000608, 0.000109, 0.000558, 0.018809, 0.007804, 0.010977 
 49.950000, 0.000513, 0.000048, 0.000559, 0.008053, 0.007903, 0.008278 
 50.000000, 0.000239, 0.000049, 0.000461, 0.003373, 0.007423, 0.006494 
 50.050000, 0.000158, 0.000050, 0.000461, 0.002325, 0.006733, 0.006495 
 50.100000, 0.000025, 0.000016, 0.000015, 0.000372, 0.000942, 0.000403 
 50.150000, 0.000013, 0.000014, 0.000013, 0.000307, 0.000821, 0.000342 
 50.200000, 0.000013, 0.000003, 0.000017, 0.000219, 0.000647, 0.000298 
 50.250000, 0.000004, 0.000002, 0.000009, 0.000035, 0.000046, 0.000030 
 50.300000, 0.000004, 0.000002, 0.000009, 0.000027, 0.000041, 0.000027 
 50.350000, 0.000004, 0.000002, 0.000008, 0.000032, 0.000042, 0.000027 
 50.400000, 0.000004, 0.000002, 0.000007, 0.000030, 0.000042, 0.000027 
 50.450000, 0.000004, 0.000002, 0.000008, 0.000022, 0.000041, 0.000025 
 50.500000, 0.000004, 0.000002, 0.000008, 0.000023, 0.000038, 0.000026 
 50.550000, 0.000005, 0.000002, 0.000008, 0.000028, 0.000040, 0.000019 
 50.600000, 0.000004, 0.000002, 0.000010, 0.000028, 0.000040, 0.000017 
 50.650000, 0.000004, 0.000004, 0.000010, 0.000022, 0.000030, 0.000018 
 50.700000, 0.000003, 0.000004, 0.000010, 0.000020, 0.000027, 0.000017 
 50.750000, 0.000002, 0.000004, 0.000010, 0.000019, 0.000022, 0.000018 
 50.800000, 0.000003, 0.000004, 0.000011, 0.000020, 0.000021, 0.000026 
 50.850000, 0.000004, 0.000004, 0.000010, 0.000024, 0.000021, 0.000025 
 50.900000, 0.000004, 0.000005, 0.000011, 0.000021, 0.000029, 0.000022 
 50.950000, 0.000003, 0.000005, 0.000009, 0.000022, 0.000031, 0.000024 
 51.000000, 0.000004, 0.000005, 0.000008, 0.000021, 0.000035, 0.000022 
 51.050000, 0.000004, 0.000005, 0.000015, 0.000021, 0.000033, 0.000025 
 51.100000, 0.000005, 0.000005, 0.000016, 0.000015, 0.000030, 0.000024 
 51.150000, 0.000005, 0.000005, 0.000018, 0.000019, 0.000034, 0.000024 
 51.200000, 0.000004, 0.000005, 0.000017, 0.000031, 0.000035, 0.000025 
 51.250000, 0.000004, 0.000006, 0.000019, 0.000026, 0.000035, 0.000025 
 51.300000, 0.000005, 0.000006, 0.000019, 0.000025, 0.000032, 0.000024 
 51.350000, 0.000005, 0.000005, 0.000018, 0.000025, 0.000045, 0.000025 
 51.400000, 0.000005, 0.000004, 0.000018, 0.000025, 0.000044, 0.000025 
 51.450000, 0.000005, 0.000004, 0.000018, 0.000025, 0.000039, 0.000026 
 51.500000, 0.000005, 0.000004, 0.000018, 0.000025, 0.000039, 0.000021 
 51.550000, 0.000004, 0.000004, 0.000017, 0.000025, 0.000036, 0.000017 
 51.600000, 0.000004, 0.000005, 0.000016, 0.000025, 0.000036, 0.000016 
 51.650000, 0.000005, 0.000004, 0.000016, 0.000024, 0.000033, 0.000017 
 51.700000, 0.000005, 0.000004, 0.000017, 0.000022, 0.000031, 0.000019 
 51.750000, 0.000005, 0.000005, 0.000017, 0.000021, 0.000025, 0.000019 
 51.800000, 0.000005, 0.000005, 0.000007, 0.000021, 0.000024, 0.000016 
 51.850000, 0.000004, 0.000005, 0.000011, 0.000028, 0.000025, 0.000018 
 51.900000, 0.000005, 0.000005, 0.000010, 0.000023, 0.000031, 0.000018 
 51.950000, 0.000005, 0.000005, 0.000010, 0.000014, 0.000032, 0.000022 
 52.000000, 0.000005, 0.000004, 0.000010, 0.000014, 0.000031, 0.000022 
 52.050000, 0.000003, 0.000004, 0.000011, 0.000014, 0.000035, 0.000022 
 52.100000, 0.000003, 0.000004, 0.000010, 0.000013, 0.000027, 0.000022 
 52.150000, 0.000003, 0.000003, 0.000010, 0.000013, 0.000026, 0.000022 
 52.200000, 0.000002, 0.000003, 0.000010, 0.000013, 0.000026, 0.000022 
 52.250000, 0.000003, 0.000003, 0.000010, 0.000012, 0.000027, 0.000021 
 52.300000, 0.000003, 0.000003, 0.000010, 0.000012, 0.000026, 0.000023 
 52.350000, 0.000003, 0.000003, 0.000010, 0.000016, 0.000035, 0.000022 
 52.400000, 0.000003, 0.000003, 0.000007, 0.000016, 0.000032, 0.000022 
 52.450000, 0.000003, 0.000003, 0.000005, 0.000016, 0.000040, 0.000023 
 52.500000, 0.000003, 0.000004, 0.000005, 0.000015, 0.000041, 0.000024 
 52.550000, 0.000003, 0.000004, 0.000005, 0.000014, 0.000041, 0.000024 
 52.600000, 0.000004, 0.000005, 0.000005, 0.000010, 0.000041, 0.000023 
 52.650000, 0.000003, 0.000005, 0.000006, 0.000012, 0.000035, 0.000023 
 52.700000, 0.000004, 0.000005, 0.000006, 0.000010, 0.000032, 0.000016 
 52.750000, 0.000020, 0.000013, 0.000010, 0.000026, 0.000361, 0.001538 
 52.800000, 0.000022, 0.000013, 0.000015, 0.000129, 0.000649, 0.003124 
 52.850000, 0.000037, 0.000017, 0.000026, 0.000128, 0.001260, 0.003115 
 52.900000, 0.000084, 0.000017, 0.000029, 0.000226, 0.004108, 0.003156 
 52.950000, 0.000150, 0.000017, 0.000029, 0.000232, 0.007686, 0.003211 
 53.000000, 0.000251, 0.000017, 0.000029, 0.000248, 0.011307, 0.003220 
 53.050000, 0.000501, 0.000016, 0.000029, 0.000248, 0.024400, 0.003245 
 53.100000, 0.001281, 0.000015, 0.000031, 0.000260, 0.078528, 0.003236 
 53.150000, 0.002968, 0.000017, 0.000030, 0.000383, 0.152986, 0.003282 
 53.200000, 0.007219, 0.000040, 0.000171, 0.001679, 0.296659, 0.003675 
 53.250000, 0.012548, 0.000041, 0.000361, 0.002485, 0.527842, 0.008615 
 53.300000, 0.025753, 0.000226, 0.002033, 0.005760, 0.717872, 0.017428 
 53.350000, 0.041494, 0.000232, 0.003907, 0.008477, 0.800820, 0.022120 
 53.400000, 0.056069, 0.000229, 0.006914, 0.008194, 0.788436, 0.022605 
 53.450000, 0.072764, 0.000228, 0.011418, 0.009825, 0.759869, 0.021557 
 53.500000, 0.083203, 0.000228, 0.017312, 0.012021, 0.687371, 0.021560 
 53.550000, 0.092666, 0.000353, 0.022326, 0.014584, 0.604658, 0.021463 
 53.600000, 0.099460, 0.000370, 0.028637, 0.016568, 0.534561, 0.025552 
 53.650000, 0.102507, 0.000370, 0.037795, 0.016872, 0.456419, 0.028533 
 53.700000, 0.098803, 0.000370, 0.042767, 0.023010, 0.357009, 0.032993 
 53.750000, 0.093416, 0.000370, 0.056642, 0.023060, 0.298658, 0.033784 
 53.800000, 0.082996, 0.000378, 0.070311, 0.023675, 0.224254, 0.034788 
 53.850000, 0.069172, 0.000378, 0.085990, 0.023944, 0.191085, 0.036067 
 53.900000, 0.053180, 0.000393, 0.100404, 0.023771, 0.166131, 0.036873 
 53.950000, 0.038820, 0.000367, 0.112271, 0.021979, 0.177494, 0.038489 
 54.000000, 0.023875, 0.000369, 0.118685, 0.020457, 0.230840, 0.034566 
 54.050000, 0.017335, 0.000169, 0.122317, 0.017353, 0.437218, 0.023202 
 54.100000, 0.012824, 0.000172, 0.116915, 0.011408, 0.589407, 0.013616 
 54.150000, 0.008712, 0.000160, 0.106724, 0.010621, 0.747977, 0.008123 
 54.200000, 0.006648, 0.000156, 0.094767, 0.010614, 0.867842, 0.007113 
 54.250000, 0.004017, 0.000158, 0.081448, 0.010225, 0.982051, 0.005759 
 54.300000, 0.002363, 0.000089, 0.063535, 0.009310, 1.058037, 0.003341 
 54.350000, 0.001371, 0.000084, 0.046302, 0.008414, 1.062115, 0.002817 
 54.400000, 0.000807, 0.000086, 0.033043, 0.008302, 1.045971, 0.002278 
 54.450000, 0.000099, 0.000083, 0.015149, 0.002793, 1.048441, 0.000890 
 54.500000, 0.000080, 0.000082, 0.007789, 0.002711, 0.835485, 0.000864 
 54.550000, 0.000077, 0.000083, 0.002714, 0.001916, 0.616746, 0.000745 
 54.600000, 0.000064, 0.000083, 0.000751, 0.001777, 0.381435, 0.000643 
 54.650000, 0.000052, 0.000075, 0.000337, 0.001720, 0.188334, 0.000631 
 54.700000, 0.000041, 0.000071, 0.000325, 0.001612, 0.051978, 0.000273 
 54.750000, 0.000017, 0.000071, 0.000218, 0.001623, 0.006088, 0.000126 
 54.800000, 0.000015, 0.000004, 0.000077, 0.000028, 0.004792, 0.000089 
 54.850000, 0.000008, 0.000004, 0.000024, 0.000031, 0.004787, 0.000088 
 54.900000, 0.000009, 0.000003, 0.000020, 0.000032, 0.003900, 0.000083 
 54.950000, 0.000009, 0.000003, 0.000015, 0.000031, 0.002686, 0.000075 
 55.000000, 0.000006, 0.000004, 0.000015, 0.000032, 0.001685, 0.000066 
 55.050000, 0.000006, 0.000002, 0.000015, 0.000032, 0.001655, 0.000066 
 55.100000, 0.000006, 0.000002, 0.000013, 0.000029, 0.000910, 0.000071 
 55.150000, 0.000005, 0.000002, 0.000013, 0.000027, 0.000525, 0.000064 
 55.200000, 0.000006, 0.000003, 0.000010, 0.000027, 0.000496, 0.000052 
 55.250000, 0.000006, 0.000005, 0.000010, 0.000029, 0.000476, 0.000052 
 55.300000, 0.000006, 0.000005, 0.000007, 0.000033, 0.000529, 0.000053 
 55.350000, 0.000006, 0.000006, 0.000006, 0.000020, 0.000471, 0.000051 
 55.400000, 0.000005, 0.000007, 0.000007, 0.000022, 0.000457, 0.000054 
 55.450000, 0.000005, 0.000006, 0.000006, 0.000024, 0.000441, 0.000023 
 55.500000, 0.000005, 0.000007, 0.000007, 0.000023, 0.000559, 0.000025 
 55.550000, 0.000005, 0.000007, 0.000007, 0.000022, 0.000582, 0.000025 
 55.600000, 0.000007, 0.000007, 0.000010, 0.000110, 0.000730, 0.000027 
 55.650000, 0.000005, 0.000007, 0.000014, 0.000161, 0.001286, 0.000027 
 55.700000, 0.000005, 0.000006, 0.000025, 0.000164, 0.001305, 0.000031 
 55.750000, 0.000005, 0.000006, 0.000027, 0.000163, 0.001701, 0.000031 
 55.800000, 0.000005, 0.000006, 0.000028, 0.000175, 0.002165, 0.000030 
 55.850000, 0.000005, 0.000006, 0.000030, 0.000186, 0.002376, 0.000030 
 55.900000, 0.000007, 0.000005, 0.000030, 0.000186, 0.002383, 0.000028 
 55.950000, 0.000007, 0.000005, 0.000027, 0.000186, 0.002348, 0.000028 
 56.000000, 0.000007, 0.000005, 0.000025, 0.000186, 0.002330, 0.000024 
 56.050000, 0.000008, 0.000005, 0.000023, 0.000183, 0.002332, 0.000025 
 56.100000, 0.000008, 0.000006, 0.000020, 0.000179, 0.002356, 0.000024 
 56.150000, 0.000011, 0.000004, 0.000020, 0.000182, 0.002272, 0.000019 
 56.200000, 0.000010, 0.000004, 0.000017, 0.000194, 0.002243, 0.000024 
 56.250000, 0.000011, 0.000003, 0.000016, 0.000193, 0.002225, 0.000023 
 56.300000, 0.000012, 0.000003, 0.000007, 0.000193, 0.002177, 0.000022 
 56.350000, 0.000010, 0.000003, 0.000007, 0.000109, 0.001909, 0.000025 
 56.400000, 0.000010, 0.000003, 0.000008, 0.000038, 0.000683, 0.000028 
 56.450000, 0.000010, 0.000004, 0.000004, 0.000024, 0.000567, 0.000026 
 56.500000, 0.000010, 0.000004, 0.000004, 0.000027, 0.000490, 0.000026 
 56.550000, 0.000010, 0.000004, 0.000009, 0.000027, 0.000272, 0.000028 
 56.600000, 0.000011, 0.000004, 0.000011, 0.000023, 0.000189, 0.000027 
 56.650000, 0.000007, 0.000004, 0.000011, 0.000016, 0.000189, 0.000037 
 56.700000, 0.000007, 0.000004, 0.000018, 0.000017, 0.000190, 0.000037 
 56.750000, 0.000008, 0.000005, 0.000018, 0.000014, 0.000164, 0.000038 
 56.800000, 0.000009, 0.000005, 0.000019, 0.000014, 0.000152, 0.000038 
 56.850000, 0.000009, 0.000004, 0.000020, 0.000015, 0.000194, 0.000039 
 56.900000, 0.000007, 0.000005, 0.000017, 0.000017, 0.000236, 0.000039 
 56.950000, 0.000007, 0.000006, 0.000014, 0.000017, 0.000237, 0.000036 
 57.000000, 0.000006, 0.000006, 0.000014, 0.000021, 0.000175, 0.000037 
 57.050000, 0.000006, 0.000006, 0.000014, 0.000021, 0.000343, 0.000038 
 57.100000, 0.000006, 0.000007, 0.000014, 0.000026, 0.000331, 0.000029 
 57.150000, 0.000006, 0.000006, 0.000014, 0.000027, 0.000464, 0.000028 
 57.200000, 0.000005, 0.000005, 0.000013, 0.000025, 0.000610, 0.000029 
 57.250000, 0.000010, 0.000005, 0.000012, 0.000023, 0.001082, 0.000034 
 57.300000, 0.000010, 0.000005, 0.000021, 0.000025, 0.001219, 0.000038 
 57.350000, 0.000012, 0.000008, 0.000048, 0.000040, 0.001065, 0.000038 
 57.400000, 0.000012, 0.000007, 0.000072, 0.000045, 0.001014, 0.000037 
 57.450000, 0.000012, 0.000006, 0.000071, 0.000046, 0.000967, 0.000041 
 57.500000, 0.000010, 0.000006, 0.000072, 0.000046, 0.001012, 0.000039 
 57.550000, 0.000008, 0.000008, 0.000074, 0.000045, 0.001078, 0.000064 
 57.600000, 0.000009, 0.000007, 0.000070, 0.000046, 0.001111, 0.000063 
 57.650000, 0.000009, 0.000007, 0.000066, 0.000058, 0.001556, 0.000066 
 57.700000, 0.000010, 0.000007, 0.000060, 0.000049, 0.001541, 0.000060 
 57.750000, 0.000010, 0.000008, 0.000052, 0.000049, 0.001563, 0.000058 
 57.800000, 0.000009, 0.000007, 0.000036, 0.000056, 0.001561, 0.000059 
 57.850000, 0.000010, 0.000008, 0.000032, 0.000064, 0.001652, 0.000058 
 57.900000, 0.000010, 0.000009, 0.000028, 0.000065, 0.002354, 0.000067 
 57.950000, 0.000010, 0.000008, 0.000021, 0.000164, 0.005086, 0.000070 
 58.000000, 0.000007, 0.000008, 0.000069, 0.001345, 0.012846, 0.000080 
 58.050000, 0.000007, 0.000008, 0.000433, 0.003863, 0.029216, 0.000088 
 58.100000, 0.000007, 0.000007, 0.001167, 0.005817, 0.047426, 0.000122 
 58.150000, 0.000011, 0.000007, 0.002278, 0.005805, 0.080294, 0.000115 
 58.200000, 0.000018, 0.000009, 0.003690, 0.005737, 0.118609, 0.000116 
 58.250000, 0.000022, 0.000015, 0.006871, 0.005889, 0.179840, 0.000153 
 58.300000, 0.000022, 0.000018, 0.012245, 0.005913, 0.243538, 0.000268 
 58.350000, 0.000143, 0.000018, 0.018363, 0.005992, 0.287889, 0.000266 
 58.400000, 0.000373, 0.000024, 0.025046, 0.006155, 0.331510, 0.000247 
 58.450000, 0.000951, 0.000030, 0.034194, 0.006132, 0.395809, 0.000392 
 58.500000, 0.001602, 0.000040, 0.050797, 0.006028, 0.408010, 0.000531 
 58.550000, 0.003156, 0.000040, 0.060259, 0.006035, 0.359453, 0.000568 
 58.600000, 0.004740, 0.000040, 0.066554, 0.006356, 0.307052, 0.000639 
 58.650000, 0.006467, 0.000040, 0.069966, 0.006418, 0.253671, 0.000716 
 58.700000, 0.008800, 0.000040, 0.071819, 0.006419, 0.207300, 0.000874 
 58.750000, 0.011535, 0.000041, 0.071295, 0.005649, 0.169447, 0.000848 
 58.800000, 0.015474, 0.000043, 0.069846, 0.003170, 0.146460, 0.000803 
 58.850000, 0.020380, 0.000042, 0.067958, 0.000584, 0.159221, 0.000953 
 58.900000, 0.027034, 0.000041, 0.064037, 0.000674, 0.213519, 0.001364 
 58.950000, 0.038597, 0.000051, 0.057490, 0.001474, 0.225499, 0.002118 
 59.000000, 0.053762, 0.000387, 0.044830, 0.001679, 0.239572, 0.002273 
 59.050000, 0.066346, 0.000379, 0.042186, 0.001906, 0.282499, 0.002638 
 59.100000, 0.080455, 0.000399, 0.037983, 0.001771, 0.280669, 0.004074 
 59.150000, 0.089818, 0.000393, 0.031317, 0.001689, 0.312394, 0.003872 
 59.200000, 0.096529, 0.000400, 0.026376, 0.001667, 0.392038, 0.003898 
 59.250000, 0.097652, 0.000451, 0.025775, 0.001627, 0.478530, 0.003763 
 59.300000, 0.095297, 0.000449, 0.021441, 0.001584, 0.559645, 0.003875 
 59.350000, 0.083329, 0.000487, 0.021173, 0.004580, 0.858740, 0.008469 
 59.400000, 0.072957, 0.000490, 0.016611, 0.004628, 0.948635, 0.008687 
 59.450000, 0.060244, 0.000494, 0.013407, 0.004576, 1.029823, 0.008968 
 59.500000, 0.045980, 0.000503, 0.010537, 0.004587, 1.098014, 0.008914 
 59.550000, 0.032252, 0.000506, 0.008336, 0.004590, 1.138924, 0.008924 
 59.600000, 0.019644, 0.000510, 0.007197, 0.004617, 1.081826, 0.009211 
 59.650000, 0.009685, 0.000516, 0.006613, 0.004539, 0.910352, 0.009334 
 59.700000, 0.004562, 0.000511, 0.006397, 0.003624, 0.766353, 0.009032 
 59.750000, 0.002646, 0.000135, 0.001646, 0.003141, 0.595152, 0.008793 
 59.800000, 0.001519, 0.000125, 0.001648, 0.002531, 0.289445, 0.007625 
 59.850000, 0.001358, 0.000120, 0.001642, 0.002469, 0.121723, 0.005036 
 59.900000, 0.001301, 0.000120, 0.001635, 0.002474, 0.067852, 0.004183 
 59.950000, 0.001307, 0.000114, 0.001635, 0.002429, 0.057527, 0.003116 
 60.000000, 0.001293, 0.000082, 0.001620, 0.002370, 0.052470, 0.002309 
 60.050000, 0.001296, 0.000075, 0.001196, 0.002370, 0.051465, 0.002306 
 60.100000, 0.000008, 0.000002, 0.000009, 0.000028, 0.000046, 0.000025 
 60.150000, 0.000008, 0.000002, 0.000007, 0.000011, 0.000038, 0.000025 
 60.200000, 0.000006, 0.000002, 0.000007, 0.000011, 0.000039, 0.000027 
 60.250000, 0.000006, 0.000002, 0.000006, 0.000021, 0.000040, 0.000009 
 60.300000, 0.000006, 0.000002, 0.000004, 0.000021, 0.000040, 0.000010 
 60.350000, 0.000006, 0.000002, 0.000004, 0.000015, 0.000037, 0.000010 
 60.400000, 0.000006, 0.000002, 0.000004, 0.000015, 0.000035, 0.000010 
 60.450000, 0.000005, 0.000003, 0.000004, 0.000014, 0.000028, 0.000014 
 60.500000, 0.000005, 0.000003, 0.000004, 0.000015, 0.000028, 0.000014 
 60.550000, 0.000005, 0.000003, 0.000003, 0.000016, 0.000029, 0.000017 
 60.600000, 0.000003, 0.000003, 0.000003, 0.000015, 0.000029, 0.000018 
 60.650000, 0.000002, 0.000004, 0.000003, 0.000013, 0.000030, 0.000018 
 60.700000, 0.000002, 0.000004, 0.000006, 0.000017, 0.000020, 0.000026 
 60.750000, 0.000003, 0.000004, 0.000006, 0.000020, 0.000012, 0.000026 
 60.800000, 0.000003, 0.000003, 0.000006, 0.000023, 0.000011, 0.000025 
 60.850000, 0.000004, 0.000004, 0.000006, 0.000023, 0.000020, 0.000026 
 60.900000, 0.000004, 0.000004, 0.000006, 0.000022, 0.000018, 0.000026 
 60.950000, 0.000004, 0.000003, 0.000006, 0.000022, 0.000017, 0.000023 
 61.000000, 0.000003, 0.000003, 0.000007, 0.000019, 0.000017, 0.000026 
 61.050000, 0.000004, 0.000003, 0.000008, 0.000019, 0.000016, 0.000025 
 61.100000, 0.000004, 0.000003, 0.000008, 0.000020, 0.000024, 0.000025 
 61.150000, 0.000004, 0.000003, 0.000008, 0.000020, 0.000032, 0.000026 
 61.200000, 0.000003, 0.000003, 0.000008, 0.000022, 0.000032, 0.000021 
 61.250000, 0.000003, 0.000003, 0.000008, 0.000023, 0.000043, 0.000022 
 61.300000, 0.000003, 0.000002, 0.000007, 0.000027, 0.000043, 0.000019 
 61.350000, 0.000004, 0.000002, 0.000008, 0.000027, 0.000053, 0.000021 
 61.400000, 0.000005, 0.000002, 0.000008, 0.000028, 0.000051, 0.000022 
 61.450000, 0.000005, 0.000002, 0.000007, 0.000024, 0.000058, 0.000014 
 61.500000, 0.000004, 0.000002, 0.000008, 0.000019, 0.000057, 0.000014 
 61.550000, 0.000004, 0.000003, 0.000008, 0.000019, 0.000056, 0.000014 
 61.600000, 0.000004, 0.000003, 0.000008, 0.000018, 0.000058, 0.000016 
 61.650000, 0.000004, 0.000003, 0.000008, 0.000017, 0.000057, 0.000019 
 61.700000, 0.000007, 0.000003, 0.000010, 0.000017, 0.000061, 0.000017 
 61.750000, 0.000007, 0.000003, 0.000009, 0.000016, 0.000080, 0.000023 
 61.800000, 0.000006, 0.000003, 0.000010, 0.000016, 0.000080, 0.000022 
 61.850000, 0.000006, 0.000003, 0.000010, 0.000016, 0.000071, 0.000023 
 61.900000, 0.000006, 0.000004, 0.000010, 0.000017, 0.000064, 0.000022 
 61.950000, 0.000005, 0.000005, 0.000010, 0.000013, 0.000064, 0.000022 
 62.000000, 0.000006, 0.000005, 0.000010, 0.000014, 0.000057, 0.000028 
 62.050000, 0.000006, 0.000005, 0.000009, 0.000011, 0.000065, 0.000028 
 62.100000, 0.000009, 0.000006, 0.000009, 0.000011, 0.000052, 0.000028 
 62.150000, 0.000009, 0.000009, 0.000033, 0.000010, 0.000053, 0.000030 
 62.200000, 0.000000, 0.000000, 0.000000, 0.000000, 0.000000, 0.000000 
 62.250000, 0.000000, 0.000000, 0.000000, 0.000000, 0.000000, 0.000000 
 62.300000, 0.000000, 0.000000, 0.000000, 0.000000, 0.000000, 0.000000 
 62.350000, 0.000000, 0.000000, 0.000000, 0.000000, 0.000000, 0.000000 
 62.400000, 0.000000, 0.000000, 0.000000, 0.000000, 0.000000, 0.000000 
 62.450000, 0.000000, 0.000000, 0.000000, 0.000000, 0.000000, 0.000000 
 62.500000, 0.000000, 0.000000, 0.000000, 0.000000, 0.000000, 0.000000 
